Saudi Arabia,Ukraine,0,4,| | | | ,4'  Andriy Rusol36'  Serhiy Rebrov46'  Andriy Shevchenko84'  Maksym Kalinichenko,http://thesoccerworldcups.com/games/2006_saudi_arabia_ukraine.php
Soviet Union,Chile,2,1,|Valeriy Porkuyan   28' | |Valeriy Porkuyan   85' ,32'  Ruben Marcos,http://thesoccerworldcups.com/games/1966_soviet_union_chile.php
Czechoslovakia,Spain,1,0,|Josef Stibranyi   80' ,,http://thesoccerworldcups.com/games/1962_czechoslovakia_spain.php
West Germany,Turkey,4,1,| |Hans Schaefer   14' |Berni Klodt   52' |Ottmar Walter   60' |Max Morlock   84' ,2'  Mamat Suat,http://thesoccerworldcups.com/games/1954_west_germany_turkey.php
Portugal,North Korea,5,3,| | | | Eusebio   27' | Eusebio  (penalty)  43' | Eusebio   56' | Eusebio  (penalty)  59' | Jose Augusto   80' ,1'  Seung Zin Pak22'  Dong Woon Li25'  Seung Kook Yang,http://thesoccerworldcups.com/games/1966_portugal_north_korea.php
Spain,Chile,2,0,|Estanislao Basora   17' | Zarra   30' ,,http://thesoccerworldcups.com/games/1950_spain_chile.php
Italy,Argentina,1,0,|Roberto Bettega   67' ,,http://thesoccerworldcups.com/games/1978_italy_argentina.php
Sweden,Paraguay,2,2,|Stig Sundqvist   17' |Karl-Erik Palmer   26' | | ,35'  Cesar Lopez Fretes74'  Atilio Lopez,http://thesoccerworldcups.com/games/1950_sweden_paraguay.php
Chile,Yugoslavia,1,0,|Eladio Rojas   90' ,,http://thesoccerworldcups.com/games/1962_chile_yugoslavia.php
Holland,Brazil,2,1,| |Wesley Sneijder   53' |Wesley Sneijder   68' ,10'   Robinho,http://thesoccerworldcups.com/games/2010_holland_brazil.php
Senegal,Turkey,0,1,| ,4'  Ilhan Mansiz,http://thesoccerworldcups.com/games/2002_senegal_turkey.php
Sweden,Italy,3,2,| |Hans Jeppsson   25' |Sune Andersson   34' |Hans Jeppsson   69' | ,7'  Riccardo Carapellese79'  Ermes Muccinelli,http://thesoccerworldcups.com/games/1950_sweden_italy.php
Holland,Slovakia,2,1,|Arjen Robben   18' |Wesley Sneijder   84' | ,90'+4'  Robert Vittek  (penalty),http://thesoccerworldcups.com/games/2010_holland_slovakia.php
Yugoslavia,Scotland,1,1,|Aleksandar Petakovic   6' | ,49'  Jimmy Murray,http://thesoccerworldcups.com/games/1958_yugoslavia_scotland.php
Italy,Norway,2,1,|Pietro Ferraris   2' | |Silvio Piola   94' ,83'  Arne Brustad,http://thesoccerworldcups.com/games/1938_italy_norway.php
Cameroon,England,2,3,| |Emmanuel Kunde  (penalty)  61' |Eugene Ekeke   65' | | ,25'  David Platt83'  Gary Lineker  (penalty)105'  Gary Lineker  (penalty),http://thesoccerworldcups.com/games/1990_cameroon_england.php
Brazil,Yugoslavia,1,1,| | Didi   69' ,48'  Branko Zebec,http://thesoccerworldcups.com/games/1954_brazil_yugoslavia.php
Paraguay,Belgium,1,0,|Luis Vargas Pena   40' ,,http://thesoccerworldcups.com/games/1930_paraguay_belgium.php
Brazil,Poland,3,1,| Nelinho   12' | | Roberto Dinamite   57' | Roberto Dinamite   63' ,45'  Grzegorz Lato,http://thesoccerworldcups.com/games/1978_brazil_poland.php
Bulgaria,Germany,2,1,| |Hristo Stoichkov   75' |Iordan Letchkov   78' ,47'  Lothar Matthaeus  (penalty),http://thesoccerworldcups.com/games/1994_bulgaria_germany.php
England,Ecuador,1,0,|David Beckham   60' ,,http://thesoccerworldcups.com/games/2006_england_ecuador.php
Argentina,West Germany,3,2,|Jose Brown   23' |Jorge Valdano   55' | | |Jorge Burruchaga   83' ,74'  Karl-Heinz Rummenigge80'  Rudi Voeller,http://thesoccerworldcups.com/games/1986_argentina_west_germany.php
Germany,Poland,1,0,|Oliver Neuville   90'+1' ,,http://thesoccerworldcups.com/games/2006_germany_poland.php
,,,,,,http://thesoccerworldcups.com/games/1998_argentina_croatia.php
Mexico,Uruguay,0,1,| ,43'  Luis Suarez,http://thesoccerworldcups.com/games/2010_mexico_uruguay.php
Bulgaria,Italy,1,1,| |Nasko Sirakov   85' ,43'  Alessandro Altobelli,http://thesoccerworldcups.com/games/1986_bulgaria_italy.php
Argentina,Uruguay,2,4,| |Carlos Peucelle   20' |Guillermo Stabile   37' | | | ,12'  Pablo Dorado57'  Pedro Cea68'  Victoriano Iriarte89'  Hector Castro,http://thesoccerworldcups.com/games/1930_argentina_uruguay.php
Brazil,Denmark,3,2,| | Bebeto   11' | Rivaldo   27' | | Rivaldo   60' ,2'  Martin Jorgensen50'  Brian Laudrup,http://thesoccerworldcups.com/games/1998_brazil_denmark.php
Austria,France,3,2,| |Matthias Sindelar   44' |Toni Schall   93' |Josef Bican   109' | ,18'  Jean Nicolas116'  Georges Verriest  (penalty),http://thesoccerworldcups.com/games/1934_austria_france.php
Soviet Union,Yugoslavia,2,0,|Valentin Ivanov   51' |Viktor Ponedelnik   83' ,,http://thesoccerworldcups.com/games/1962_soviet_union_yugoslavia.php
West Germany,Sweden,1,3,|Hans Schaefer   24' | | | ,32'  Lennart Skoglund81'  Gunnar Gren88'  Kurt Hamrin,http://thesoccerworldcups.com/games/1958_west_germany_sweden.php
Brazil,Mexico,4,0,| Ademir   30' | Jair   65' | Baltazar   71' | Ademir   79' ,,http://thesoccerworldcups.com/games/1950_brazil_mexico.php
Brazil,England,0,0,,,http://thesoccerworldcups.com/games/1958_brazil_england.php
Yugoslavia,Brazil,2,1,|Aleksandar Tirnanic   21' |Ivica Bek   30' | ,62'   Preguinho,http://thesoccerworldcups.com/games/1930_yugoslavia_brazil.php
England,Bulgaria,0,0,,,http://thesoccerworldcups.com/games/1962_england_bulgaria.php
Ireland,Romania,0,0,| Kevin Sheedy 
						,,http://thesoccerworldcups.com/games/1990_ireland_romania.php
,,,,,,http://thesoccerworldcups.com/games/1958_hungary_wales.php
Ghana,Germany,0,1,| ,60'  Mesut Ozil,http://thesoccerworldcups.com/games/2010_ghana_germany.php
West Germany,Colombia,1,1,|Pierre Littbarski   88' | ,90'  Freddy Rincon,http://thesoccerworldcups.com/games/1990_west_germany_colombia.php
Argentina,Bulgaria,1,0,|Hector Facundo   4' ,,http://thesoccerworldcups.com/games/1962_argentina_bulgaria.php
Chile,Italy,2,0,|Jaime Ramirez   73' |Jorge Toro   87' ,,http://thesoccerworldcups.com/games/1962_chile_italy.php
Spain,Mexico,1,0,|Joaquin Peiro   90' ,,http://thesoccerworldcups.com/games/1962_spain_mexico.php
,,,,,,http://thesoccerworldcups.com/games/1966_hungary_bulgaria.php
Brazil,Italy,0,0,|(atajado)  Marcio Santos 
						,,http://thesoccerworldcups.com/games/1994_brazil_italy.php
,,,,,,http://thesoccerworldcups.com/games/1966_soviet_union_hungary.php
Germany,Serbia,0,1,| ,38'  Milan Jovanovic,http://thesoccerworldcups.com/games/2010_germany_serbia.php
Austria,Czechoslovakia,5,0,|Ernst Stojaspal   3' |Erich Probst   4' |Erich Probst   21' |Erich Probst   24' |Ernst Stojaspal   65' ,,http://thesoccerworldcups.com/games/1954_austria_czechoslovakia.php
West Germany,Uruguay,4,0,|Helmut Haller   11' |Franz Beckenbauer   70' |Uwe Seeler   75' |Helmut Haller   83' ,,http://thesoccerworldcups.com/games/1966_west_germany_uruguay.php
,,,,,,http://thesoccerworldcups.com/games/1998_romania_croatia.php
West Germany,Yugoslavia,4,1,|Lothar Matthaeus   28' |Juergen Klinsmann   39' | |Lothar Matthaeus   64' |Rudi Voeller   70' ,55'  Davor Jozic,http://thesoccerworldcups.com/games/1990_west_germany_yugoslavia.php
Germany,USA,1,0,|Michael Ballack   39' ,,http://thesoccerworldcups.com/games/2002_germany_usa.php
Brazil,Sweden,4,2,| | | Romeu   44' | Leonidas   63' | Leonidas   74' | Peracio   80' ,28'  Sven Jonasson38'  Arne Nyberg,http://thesoccerworldcups.com/games/1938_brazil_sweden.php
Holland,West Germany,1,2,|Johan Neeskens  (penalty)  2' | | ,25'  Paul Breitner  (penalty)43'  Gerd Mueller,http://thesoccerworldcups.com/games/1974_holland_west_germany.php
Spain,Ukraine,4,0,| Xabi Alonso   13' |David Villa   17' |David Villa  (penalty)  48' |Fernando Torres   81' ,,http://thesoccerworldcups.com/games/2006_spain_ukraine.php
Italy,Norway,1,0,|Christian Vieri   18' ,,http://thesoccerworldcups.com/games/1998_italy_norway.php
Yugoslavia,Bolivia,4,0,|Ivica Bek   60' |Blagoje Marjanovic   65' |Ivica Bek   67' |Djordje Vujadinovic   85' ,,http://thesoccerworldcups.com/games/1930_yugoslavia_bolivia.php
,,,,,,http://thesoccerworldcups.com/games/1954_hungary_uruguay.php
Holland,Brazil,2,3,| | |Dennis Bergkamp   64' |Aron Winter   76' | ,53'   Romario63'   Bebeto81'   Branco,http://thesoccerworldcups.com/games/1994_holland_brazil.php
Slovenia,England,0,1,| ,23'  Jermain Defoe,http://thesoccerworldcups.com/games/2010_slovenia_england.php
Italy,Argentina,1,1,|Salvatore Schillaci   17' | | Franco Baresi 
						,67'  Claudio Caniggia,http://thesoccerworldcups.com/games/1990_italy_argentina.php
Uruguay,Spain,2,2,|Alcides Ghiggia   29' | | |Obdulio Varela   73' ,37'  Estanislao Basora39'  Estanislao Basora,http://thesoccerworldcups.com/games/1950_uruguay_spain.php
Serbia,Ghana,0,1,| ,85'  Asamoah Gyan  (penalty),http://thesoccerworldcups.com/games/2010_serbia_ghana.php
,,,,,,http://thesoccerworldcups.com/games/1966_argentina_switzerland.php
Brazil,Bulgaria,2,0,| Pelé   15' | Garrincha   63' ,,http://thesoccerworldcups.com/games/1966_brazil_bulgaria.php
Algeria,Slovenia,0,1,| ,79'  Robert Koren,http://thesoccerworldcups.com/games/2010_algeria_slovenia.php
Argentina,Greece,4,0,|Gabriel Batistuta   2' |Gabriel Batistuta   44' |Diego Maradona   60' |Gabriel Batistuta  (penalty)  90' ,,http://thesoccerworldcups.com/games/1994_argentina_greece.php
France,Denmark,2,1,|Youri Djorkaeff  (penalty)  12' | |Emmanuel Petit   56' ,42'  Michael Laudrup  (penalty),http://thesoccerworldcups.com/games/1998_france_denmark.php
USA,Czechoslovakia,1,5,| | | |Paul Caligiuri   60' | | ,26'  Tomas Skuhravy40'  Michal Bilek  (penalty)50'  Ivan Hasek78'  Tomas Skuhravy90'  Milan Luhovy,http://thesoccerworldcups.com/games/1990_usa_czechoslovakia.php
South Korea,Turkey,2,3,| |Eul Yong Lee   9' | | |Chong Gug Song   90'+3' ,1'  Hakan Sukur13'  Ilhan Mansiz32'  Ilhan Mansiz,http://thesoccerworldcups.com/games/2002_south_korea_turkey.php
Sweden,Costa Rica,1,2,|Johnny Ekstrom   32' | | ,75'  Roger Flores87'  Hernan Medford,http://thesoccerworldcups.com/games/1990_sweden_costa_rica.php
Romania,Peru,3,1,|Adalbert Desu   1' | |Constantin Stanciu   79' |Nicolae Kovacs   89' ,75'  Luis Souza,http://thesoccerworldcups.com/games/1930_romania_peru.php
,,,,,,http://thesoccerworldcups.com/games/2010_chile_switzerland.php
Brazil,Sweden,1,1,| | Romario   46' ,23'  Kennet Andersson,http://thesoccerworldcups.com/games/1994_brazil_sweden.php
Yugoslavia,Colombia,5,0,|Milan Galic   20' |Drazen Jerkovic   25' |Milan Galic   61' |Vojislav Melic   82' |Drazen Jerkovic   87' ,,http://thesoccerworldcups.com/games/1962_yugoslavia_colombia.php
South Korea,Greece,2,0,|Jung Soo Lee   7' |Ji Sung Park   52' ,,http://thesoccerworldcups.com/games/2010_south_korea_greece.php
West Germany,Holland,2,1,|Juergen Klinsmann   51' |Andreas Brehme   82' | ,89'  Ronald Koeman  (penalty),http://thesoccerworldcups.com/games/1990_west_germany_holland.php
Italy,Austria,1,0,|Enrique Guaita   19' ,,http://thesoccerworldcups.com/games/1934_italy_austria.php
South Korea,Togo,2,1,| |Chun Soo Lee   54' |Jung Hwan Ahn   72' ,31'   Mohamed Kader,http://thesoccerworldcups.com/games/2006_south_korea_togo.php
Yugoslavia,United Arab Emirates,4,1,|Safet Susic   5' |Darko Pancev   9' | |Darko Pancev   46' |Robert Prosinecki   90' ,22'  Ali Thani Jumaa,http://thesoccerworldcups.com/games/1990_yugoslavia_united_arab_emirates.php
,,,,,,http://thesoccerworldcups.com/games/2010_spain_switzerland.php
Argentina,Romania,1,1,|Pedro Monzon   62' | ,68'  Gavril Balint,http://thesoccerworldcups.com/games/1990_argentina_romania.php
,,,,,,http://thesoccerworldcups.com/games/2006_switzerland_south_korea.php
,,,,,,http://thesoccerworldcups.com/games/1934_austria_hungary.php
Brazil,Ivory Coast,3,1,| Luis Fabiano   25' | Luis Fabiano   50' | Elano   62' | ,79'  Didier Drogba,http://thesoccerworldcups.com/games/2010_brazil_ivory_coast.php
Spain,Ireland,1,1,|Fernando Morientes   8' | | Fernando Hierro 
						,90'  Robbie Keane  (penalty),http://thesoccerworldcups.com/games/2002_spain_ireland.php
Spain,Tunisia,3,1,| | Raul   71' |Fernando Torres   76' |Fernando Torres  (penalty)  90'+1' ,8'  Jaouhar Mnari,http://thesoccerworldcups.com/games/2006_spain_tunisia.php
Saudi Arabia,Spain,0,1,| ,36'   Juanito,http://thesoccerworldcups.com/games/2006_saudi_arabia_spain.php
West Germany,France,3,6,| |Hans Ciesclarczyk   18' | | | |Helmut Rahn   52' | |Hans Schaefer   84' | ,16'  Just Fontaine27'  Raymond Kopa  (penalty)36'  Just Fontaine50'  Yvon Douis78'  Just Fontaine89'  Just Fontaine,http://thesoccerworldcups.com/games/1958_west_germany_france.php
Sweden,Bulgaria,4,0,|Tomas Brolin   8' |Hakan Mild   30' |Henrik Larsson   37' |Kennet Andersson   40' ,,http://thesoccerworldcups.com/games/1994_sweden_bulgaria.php
Romania,England,2,1,|Viorel Moldovan   46' | |Dan Petrescu   90' ,81'  Michael Owen,http://thesoccerworldcups.com/games/1998_romania_england.php
,,,,,,http://thesoccerworldcups.com/games/1962_italy_switzerland.php
Cameroon,Colombia,2,1,|Roger Milla   106' |Roger Milla   109' | ,115'  Bernardo Redin,http://thesoccerworldcups.com/games/1990_cameroon_colombia.php
Uruguay,Brazil,1,3,|Luis Cubilla   19' | | | ,44'   Clodoaldo76'   Jairzinho89'   Rivelino,http://thesoccerworldcups.com/games/1970_uruguay_brazil.php
Mexico,Bulgaria,1,1,| |Alberto Garcia Aspe  (penalty)  18' |(desviado) Alberto Garcia Aspe 
						,6'  Hristo Stoichkov,http://thesoccerworldcups.com/games/1994_mexico_bulgaria.php
Denmark,Spain,1,5,|Jesper Olsen  (penalty)  33' | | | | | ,43'  Emilio Butragueno56'  Emilio Butragueno68'   Goikoetxea  (penalty)80'  Emilio Butragueno89'  Emilio Butragueno  (penalty),http://thesoccerworldcups.com/games/1986_denmark_spain.php
Brazil,Scotland,1,0,| Muller   81' ,,http://thesoccerworldcups.com/games/1990_brazil_scotland.php
Austria,Scotland,1,0,|Erich Probst   33' ,,http://thesoccerworldcups.com/games/1954_austria_scotland.php
Germany,Sweden,2,0,|Lukas Podolski   4' |Lukas Podolski   12' ,,http://thesoccerworldcups.com/games/2006_germany_sweden.php
Denmark,Japan,1,3,| | |Jon Dahl Tomasson   81' | ,17'  Keisuke Honda30'  Yasuhito Endo87'  Shinji Okazaki,http://thesoccerworldcups.com/games/2010_denmark_japan.php
Australia,Serbia,2,1,|Tim Cahill   69' |Brett Holman   73' | ,84'  Marko Pantelic,http://thesoccerworldcups.com/games/2010_australia_serbia.php
Czechoslovakia,Holland,3,0,|Josef Kostalek   93' |Oldrich Nejedly   111' |Josef Zeman   118' ,,http://thesoccerworldcups.com/games/1938_czechoslovakia_holland.php
,,,,,,http://thesoccerworldcups.com/games/1962_hungary_bulgaria.php
Scotland,Brazil,0,0,,,http://thesoccerworldcups.com/games/1974_scotland_brazil.php
Portugal,North Korea,7,0,| Raul Meireles   29' | Simao   53' | Hugo Almeida   56' | Tiago   60' | Liedson   81' | Cristiano Ronaldo   87' | Tiago   89' ,,http://thesoccerworldcups.com/games/2010_portugal_north_korea.php
Brazil,France,0,1,| ,57'  Thierry Henry,http://thesoccerworldcups.com/games/2006_brazil_france.php
Argentina,Japan,1,0,|Gabriel Batistuta   28' ,,http://thesoccerworldcups.com/games/1998_argentina_japan.php
England,Brazil,1,2,|Michael Owen   23' | | ,45'+2'   Rivaldo50'   Ronaldinho,http://thesoccerworldcups.com/games/2002_england_brazil.php
Spain,Yugoslavia,1,2,| | Julio Salinas   83' | ,78'  Dragan Stojkovic92'  Dragan Stojkovic,http://thesoccerworldcups.com/games/1990_spain_yugoslavia.php
Ghana,Australia,1,1,| |Asamoah Gyan  (penalty)  25' ,11'  Brett Holman,http://thesoccerworldcups.com/games/2010_ghana_australia.php
Japan,Brazil,1,4,|Keiji Tamada   34' | | | | ,45'+1'   Ronaldo53'   Juninho Pernambucano59'   Gilberto Melo81'   Ronaldo,http://thesoccerworldcups.com/games/2006_japan_brazil.php
France,Saudi Arabia,4,0,|Thierry Henry   37' |David Trezeguet   68' |Thierry Henry   78' |Bixente Lizarazu   85' ,,http://thesoccerworldcups.com/games/1998_france_saudi_arabia.php
Romania,Sweden,2,2,| |Florin Raducioiu   88' |Florin Raducioiu   101' | | Florin Raducioiu 
						,78'  Tomas Brolin115'  Kennet Andersson,http://thesoccerworldcups.com/games/1994_romania_sweden.php
Uruguay,Austria,1,3,| |Juan Hohberg   22' | | ,16'  Ernst Stojaspal  (penalty)59'  Luis Cruz   (own goal)89'  Ernst Ocwirk,http://thesoccerworldcups.com/games/1954_uruguay_austria.php
,,,,,,http://thesoccerworldcups.com/games/1938_hungary_sweden.php
Argentina,Cameroon,0,1,| ,67'  Francois Omam-Biyik,http://thesoccerworldcups.com/games/1990_argentina_cameroon.php
Brazil,Holland,1,1,| Ronaldo   46' | |  Ronaldo 
						,87'  Patrick Kluivert,http://thesoccerworldcups.com/games/1998_brazil_holland.php
Soviet Union,Romania,0,2,| | ,41'  Marius Lacatus55'  Marius Lacatus  (penalty),http://thesoccerworldcups.com/games/1990_soviet_union_romania.php
,,,,,,http://thesoccerworldcups.com/games/2006_togo_switzerland.php
,,,,,,http://thesoccerworldcups.com/games/1966_spain_switzerland.php
Brazil,East Germany,1,0,| Rivelino   60' ,,http://thesoccerworldcups.com/games/1974_brazil_east_germany.php
Argentina,Yugoslavia,0,0,| Jose Serrizuela 
						,,http://thesoccerworldcups.com/games/1990_argentina_yugoslavia.php
France,Northern Ireland,4,0,|Maryan Wisnieski   22' |Just Fontaine   55' |Just Fontaine   63' |Roger Piantoni   68' ,,http://thesoccerworldcups.com/games/1958_france_northern_ireland.php
Uruguay,Ghana,1,1,| |Diego Forlan   55' | Diego Forlan 
						,45'+2'  Sulley Muntari,http://thesoccerworldcups.com/games/2010_uruguay_ghana.php
Brazil,France,0,3,| | | ,27'  Zinedine Zidane45'+1'  Zinedine Zidane90'  Emmanuel Petit,http://thesoccerworldcups.com/games/1998_brazil_france.php
Spain,England,1,0,| Zarra   48' ,,http://thesoccerworldcups.com/games/1950_spain_england.php
Nigeria,Denmark,1,4,| | | | |Tijani Babangida   78' ,3'  Peter Moller12'  Brian Laudrup60'  Ebbe Sand76'  Thomas Helveg,http://thesoccerworldcups.com/games/1998_nigeria_denmark.php
South Korea,Italy,2,3,| |Soon Ho Choi   62' | | |Jung Moo Huh   83' ,17'  Alessandro Altobelli73'  Alessandro Altobelli82'  Kwang Rae Cho   (own goal),http://thesoccerworldcups.com/games/1986_south_korea_italy.php
Austria,USA,2,1,|Andeas Ogris   49' |Gerhard Rodax   63' | ,83'  Bruce Murray,http://thesoccerworldcups.com/games/1990_austria_usa.php
Brazil,Spain,0,0,,,http://thesoccerworldcups.com/games/1978_brazil_spain.php
Argentina,Peru,6,0,|Mario Kempes   21' |Alberto Tarantini   43' |Mario Kempes   48' |Leopoldo Luque   50' |Rene Houseman   67' |Leopoldo Luque   72' ,,http://thesoccerworldcups.com/games/1978_argentina_peru.php
West Germany,Austria,6,1,|Hans Schaefer   31' |Max Morlock   47' | |Fritz Walter  (penalty)  54' |Ottmar Walter   61' |Fritz Walter  (penalty)  64' |Ottmar Walter   89' ,51'  Erich Probst,http://thesoccerworldcups.com/games/1954_west_germany_austria.php
Zaire,Brazil,0,3,| | | ,12'   Jairzinho66'   Rivelino79'   Valdomiro,http://thesoccerworldcups.com/games/1974_zaire_brazil.php
England,Trinidad and Tobago,2,0,|Peter Crouch   83' |Steven Gerrard   90'+1' ,,http://thesoccerworldcups.com/games/2006_england_trinidad_and_tobago.php
Mexico,Angola,0,0,,,http://thesoccerworldcups.com/games/2006_mexico_angola.php
France,South Korea,1,1,|Thierry Henry   9' | ,81'  Ji Sung Park,http://thesoccerworldcups.com/games/2006_france_south_korea.php
Poland,Portugal,1,0,|Wlodimierz Smolarek   68' ,,http://thesoccerworldcups.com/games/1986_poland_portugal.php
Italy,USA,1,1,|Alberto Gilardino   22' | ,27'  Cristian Zaccardo   (own goal),http://thesoccerworldcups.com/games/2006_italy_usa.php
Uruguay,Yugoslavia,6,1,| |Pedro Cea   18' |Juan Anselmo   20' |Juan Anselmo   31' |Victoriano Iriarte   61' |Pedro Cea   67' |Pedro Cea   72' ,4'  Branislav Sekulic,http://thesoccerworldcups.com/games/1930_uruguay_yugoslavia.php
Slovakia,Italy,3,2,|Robert Vittek   25' |Robert Vittek   73' | |Kamil Kopunek   89' | ,81'  Antonio Di Natale90'+2'  Fabio Quagliarella,http://thesoccerworldcups.com/games/2010_slovakia_italy.php
Italy,Uruguay,2,0,|Salvatore Schillaci   65' |Aldo Serena   85' ,,http://thesoccerworldcups.com/games/1990_italy_uruguay.php
Germany,Italy,0,2,| | ,119'  Fabio Grosso121'  Alessandro Del Piero,http://thesoccerworldcups.com/games/2006_germany_italy.php
Argentina,Italy,1,1,|Rene Houseman   19' | ,35'  Roberto Perfumo   (own goal),http://thesoccerworldcups.com/games/1974_argentina_italy.php
Holland,Denmark,2,0,|Daniel Agger   (own goal) 46' |Dirk Kuyt   85' ,,http://thesoccerworldcups.com/games/2010_holland_denmark.php
Turkey,South Korea,7,0,|Mamat Suat   10' |Lefter Kucukandonyadis   18' |Mamat Suat   30' |Sargun Burhan   37' |Sargun Burhan   64' |Sargun Burhan   70' |Erol Keskin   76' ,,http://thesoccerworldcups.com/games/1954_turkey_south_korea.php
Argentina,England,0,1,| ,44'  David Beckham  (penalty),http://thesoccerworldcups.com/games/2002_argentina_england.php
Austria,Czechoslovakia,0,1,| ,31'  Michal Bilek  (penalty),http://thesoccerworldcups.com/games/1990_austria_czechoslovakia.php
England,Ireland,1,1,|Gary Lineker   9' | ,73'  Kevin Sheedy,http://thesoccerworldcups.com/games/1990_england_ireland.php
Iran,Angola,1,1,| |Sohrab Bakhtiarizadeh   75' ,60'   Abou Tarika,http://thesoccerworldcups.com/games/2006_iran_angola.php
Brazil,Austria,1,0,| Roberto Dinamite   40' ,,http://thesoccerworldcups.com/games/1978_brazil_austria.php
Argentina,Brazil,1,3,| | | |Ramon Diaz   89' ,11'   Zico66'   Serginho75'   Junior,http://thesoccerworldcups.com/games/1982_argentina_brazil.php
England,Egypt,1,0,|Mark Wright   58' ,,http://thesoccerworldcups.com/games/1990_england_egypt.php
Belgium,Spain,1,2,| |Patrick Vervoort   29' | ,26'   Michel  (penalty)38'  Alberto Gorriz,http://thesoccerworldcups.com/games/1990_belgium_spain.php
Argentina,Germany,0,4,| | | | ,3'  Thomas Mueller68'  Miroslav Klose74'  Arne Friedrich89'  Miroslav Klose,http://thesoccerworldcups.com/games/2010_argentina_germany.php
Czechoslovakia,Costa Rica,4,1,|Tomas Skuhravy   12' | |Tomas Skuhravy   63' |Lubos Kubik   75' |Tomas Skuhravy   82' ,54'  Ronald Gonzalez,http://thesoccerworldcups.com/games/1990_czechoslovakia_costa_rica.php
Paraguay,New Zealand,0,0,,,http://thesoccerworldcups.com/games/2010_paraguay_new_zealand.php
Uruguay,France,2,1,| |Pedro Rocha   26' |Julio Cortes   31' ,15'  Hector De Bourgoing  (penalty),http://thesoccerworldcups.com/games/1966_uruguay_france.php
USA,Czech Republic,0,3,| | | ,5'  Jan Koller36'  Tomas Rosicky76'  Tomas Rosicky,http://thesoccerworldcups.com/games/2006_usa_czech_republic.php
Cameroon,Romania,2,1,|Roger Milla   76' |Roger Milla   86' | ,88'  Gavril Balint,http://thesoccerworldcups.com/games/1990_cameroon_romania.php
Iraq,Belgium,1,2,| | |Ahmed Radhi   59' ,16'  Enzo Scifo21'  Nico Claesen  (penalty),http://thesoccerworldcups.com/games/1986_iraq_belgium.php
,,,,,,http://thesoccerworldcups.com/games/2006_croatia_australia.php
Uruguay,Mexico,0,0,,,http://thesoccerworldcups.com/games/1966_uruguay_mexico.php
North Korea,Chile,1,1,| |Seung Zin Pak   88' ,26'  Ruben Marcos  (penalty),http://thesoccerworldcups.com/games/1966_north_korea_chile.php
Brazil,USA,1,0,| Bebeto   72' ,,http://thesoccerworldcups.com/games/1994_brazil_usa.php
West Germany,Scotland,2,1,| |Rudi Voeller   22' |Klaus Allofs   50' ,18'  Gordon Strachan,http://thesoccerworldcups.com/games/1986_west_germany_scotland.php
Colombia,Tunisia,1,0,|Leider Preciado   82' ,,http://thesoccerworldcups.com/games/1998_colombia_tunisia.php
France,South Africa,3,0,|Christophe Dugarry   36' |Pierre Issa   (own goal) 77' |Thierry Henry   90'+2' ,,http://thesoccerworldcups.com/games/1998_france_south_africa.php
Italy,Chile,2,0,|Sandro Mazzola   8' |Paolo Barison   88' ,,http://thesoccerworldcups.com/games/1966_italy_chile.php
Soviet Union,Belgium,3,4,|Igor Belanov   27' | |Igor Belanov   70' | | | |Igor Belanov  (penalty)  111' ,56'  Enzo Scifo77'  Jan Ceulemans102'  Stephane Demol110'  Nico Claesen,http://thesoccerworldcups.com/games/1986_soviet_union_belgium.php
Uruguay,West Germany,1,1,|Antonio Alzamendi   4' | ,84'  Klaus Allofs,http://thesoccerworldcups.com/games/1986_uruguay_west_germany.php
England,West Germany,4,2,| |Geoff Hurst   18' |Martin Peters   78' | |Geoff Hurst   101' |Geoff Hurst   120' ,12'  Helmut Haller89'  Wolfgang Weber,http://thesoccerworldcups.com/games/1966_england_west_germany.php
Holland,Brazil,2,0,|Johan Neeskens   50' |Johan Cruyff   65' ,,http://thesoccerworldcups.com/games/1974_holland_brazil.php
Italy,France,1,1,| |Marco Materazzi   19' | Andrea Pirlo 
						,7'  Zinedine Zidane  (penalty),http://thesoccerworldcups.com/games/2006_italy_france.php
,,,,,,http://thesoccerworldcups.com/games/1958_wales_hungary.php
USA,England,1,0,|Joe Gaetjens   38' ,,http://thesoccerworldcups.com/games/1950_usa_england.php
Argentina,South Korea,4,1,|Chu Young Park   (own goal) 17' |Gonzalo Higuain   33' | |Gonzalo Higuain   76' |Gonzalo Higuain   80' ,45'+1'  Chung Yong Lee,http://thesoccerworldcups.com/games/2010_argentina_south_korea.php
West Germany,Italy,0,0,,,http://thesoccerworldcups.com/games/1962_west_germany_italy.php
Brazil,Wales,1,0,| Pelé   66' ,,http://thesoccerworldcups.com/games/1958_brazil_wales.php
West Germany,Spain,2,1,| |Lothar Emmerich   38' |Uwe Seeler   84' ,22'  Jose Maria Fuste,http://thesoccerworldcups.com/games/1966_west_germany_spain.php
Mexico,Czechoslovakia,3,1,| |Isidoro Diaz   12' |Alfredo Del Aguila   29' |Hector Hernandez  (penalty)  90' ,1'  Vaclav Masek,http://thesoccerworldcups.com/games/1962_mexico_czechoslovakia.php
Greece,Nigeria,2,1,| |Dimitrios Salpingidis   44' |Vasileios Torosidis   71' ,16'  Kalu Uche,http://thesoccerworldcups.com/games/2010_greece_nigeria.php
West Germany,United Arab Emirates,5,1,|Rudi Voeller   35' |Juergen Klinsmann   37' | |Lothar Matthaeus   47' |Uwe Bein   58' |Rudi Voeller   75' ,46'   Khalid Ismail,http://thesoccerworldcups.com/games/1990_west_germany_united_arab_emirates.php
Paraguay,Japan,0,0,| Edgar Barreto 
						,,http://thesoccerworldcups.com/games/2010_paraguay_japan.php
Chile,Austria,1,1,|Marcelo Salas   70' | ,90'+2'  Ivica Vastic,http://thesoccerworldcups.com/games/1998_chile_austria.php
North Korea,Ivory Coast,0,3,| | | ,14'  Yaya Toure20'   Romaric82'  Salomon Kalou,http://thesoccerworldcups.com/games/2010_north_korea_ivory_coast.php
Brazil,Cameroon,3,0,| Romario   39' | Marcio Santos   66' | Bebeto   73' ,,http://thesoccerworldcups.com/games/1994_brazil_cameroon.php
Italy,France,3,1,|Gino Colaussi   9' | |Silvio Piola   51' |Silvio Piola   72' ,10'  Oscar Heisserer,http://thesoccerworldcups.com/games/1938_italy_france.php
West Germany,Yugoslavia,1,0,|Helmut Rahn   12' ,,http://thesoccerworldcups.com/games/1958_west_germany_yugoslavia.php
Chile,USA,5,2,|Jorge Robledo   16' |Atilio Cremaschi   32' | | |Andres Prieto   54' |Atilio Cremaschi   60' |Fernando Riera   82' ,47'  Frank Wallace48'  Joe Maca  (penalty),http://thesoccerworldcups.com/games/1950_chile_usa.php
Brazil,Australia,2,0,| Adriano   49' | Fred   90' ,,http://thesoccerworldcups.com/games/2006_brazil_australia.php
England,Argentina,1,0,|Geoff Hurst   78' ,,http://thesoccerworldcups.com/games/1966_england_argentina.php
Brazil,New Zealand,4,0,| Zico   28' | Zico   31' | Falcao   64' | Serginho   70' ,,http://thesoccerworldcups.com/games/1982_brazil_new_zealand.php
Czech Republic,Ghana,0,2,| | ,2'  Asamoah Gyan82'  Sulley Muntari,http://thesoccerworldcups.com/games/2006_czech_republic_ghana.php
Italy,Ukraine,3,0,|Gianluca Zambrotta   6' |Luca Toni   59' |Luca Toni   69' ,,http://thesoccerworldcups.com/games/2006_italy_ukraine.php
,,,,,,http://thesoccerworldcups.com/games/1966_hungary_brazil.php
Argentina,France,1,0,|Luis Monti   81' ,,http://thesoccerworldcups.com/games/1930_argentina_france.php
Paraguay,Iraq,1,0,|Julio Cesar Romero   35' ,,http://thesoccerworldcups.com/games/1986_paraguay_iraq.php
,,,,,,http://thesoccerworldcups.com/games/1986_hungary_canada.php
Brazil,Scotland,4,1,| | Zico   33' | Oscar   48' | Eder   63' | Falcao   87' ,18'  David Narey,http://thesoccerworldcups.com/games/1982_brazil_scotland.php
Yugoslavia,Colombia,1,0,|Davor Jozic   75' ,,http://thesoccerworldcups.com/games/1990_yugoslavia_colombia.php
Brazil,Poland,4,0,| Socrates  (penalty)  30' | Josimar   55' | Edinho   79' | Careca  (penalty)  83' ,,http://thesoccerworldcups.com/games/1986_brazil_poland.php
Argentina,Chile,3,1,|Guillermo Stabile   12' |Guillermo Stabile   13' | |Mario Evaristo   51' ,15'  Guillermo Subiabre,http://thesoccerworldcups.com/games/1930_argentina_chile.php
Germany,England,4,1,|Miroslav Klose   20' |Lukas Podolski   32' | |Thomas Mueller   67' |Thomas Mueller   70' ,37'  Matt Upson,http://thesoccerworldcups.com/games/2010_germany_england.php
Italy,Cameroon,3,0,|Luigi Di Biagio   7' |Christian Vieri   75' |Christian Vieri   89' ,,http://thesoccerworldcups.com/games/1998_italy_cameroon.php
South Korea,Italy,2,1,| |Ki Hyeon Seol   88' |Jung Hwan Ahn   117' ,18'  Christian Vieri,http://thesoccerworldcups.com/games/2002_south_korea_italy.php
Brazil,Italy,1,2,| | | Romeu   87' ,51'  Gino Colaussi60'  Giuseppe Meazza  (penalty),http://thesoccerworldcups.com/games/1938_brazil_italy.php
,,,,,,http://thesoccerworldcups.com/games/1938_switzerland_germany.php
Italy,Spain,2,1,|Dino Baggio   25' | |Roberto Baggio   87' ,58'  Jose Luis Caminero,http://thesoccerworldcups.com/games/1994_italy_spain.php
Cuba,Romania,3,3,| |Hector Socorro   44' |Jose Magrina   69' | |Hector Socorro   103' | ,35'  Silviu Bindea88'  Iuliu Baratky105'  Stefan Dobay,http://thesoccerworldcups.com/games/1938_cuba_romania.php
Brazil,Austria,3,0,|Jose Altafini   38' | Nilton Santos   49' |Jose Altafini   89' ,,http://thesoccerworldcups.com/games/1958_brazil_austria.php
Northern Ireland,Brazil,0,3,| | | ,15'   Careca42'   Josimar87'   Careca,http://thesoccerworldcups.com/games/1986_northern_ireland_brazil.php
Italy,Chile,2,2,|Christian Vieri   11' | | |Roberto Baggio  (penalty)  84' ,45'+3'  Marcelo Salas48'  Marcelo Salas,http://thesoccerworldcups.com/games/1998_italy_chile.php
Tunisia,Saudi Arabia,2,2,|Zied Jaziri   23' | | |Radhi Jaidi   90'+2' ,57'  Yasser Al Kahtani84'  Sami Al Jaber,http://thesoccerworldcups.com/games/2006_tunisia_saudi_arabia.php
Italy,Argentina,2,1,|Marco Tardelli   57' |Antonio Cabrini   67' | ,83'  Daniel Passarella,http://thesoccerworldcups.com/games/1982_italy_argentina.php
Czechoslovakia,Romania,2,1,| |Antonin Puc   50' |Oldrich Nejedly   67' ,11'  Stefan Dobay,http://thesoccerworldcups.com/games/1934_czechoslovakia_romania.php
West Germany,Northern Ireland,2,2,| |Helmut Rahn   20' | |Uwe Seeler   79' ,19'  Peter Mcparland60'  Peter Mcparland,http://thesoccerworldcups.com/games/1958_west_germany_northern_ireland.php
,,,,,,http://thesoccerworldcups.com/games/1982_argentina_hungary.php
Brazil,Algeria,1,0,| Careca   66' ,,http://thesoccerworldcups.com/games/1986_brazil_algeria.php
Soviet Union,Italy,1,0,|Igor Chislenko   57' ,,http://thesoccerworldcups.com/games/1966_soviet_union_italy.php
Germany,Belgium,5,2,|Stanislaus Kobierski   25' | | |Otto Siffling   49' |Edmund Conen   66' |Edmund Conen   70' |Edmund Conen   87' ,29'  Bernard Voorhoof43'  Bernard Voorhoof,http://thesoccerworldcups.com/games/1934_germany_belgium.php
Sweden,England,2,2,| |Marcus Allback   51' | |Henrik Larsson   90' ,34'  Joe Cole85'  Steven Gerrard,http://thesoccerworldcups.com/games/2006_sweden_england.php
South Korea,Spain,1,3,| |Bo Kwan Hwang   43' | | ,23'   Michel61'   Michel81'   Michel,http://thesoccerworldcups.com/games/1990_south_korea_spain.php
Poland,West Germany,0,1,| ,76'  Gerd Mueller,http://thesoccerworldcups.com/games/1974_poland_west_germany.php
Brazil,Spain,2,1,| | Amarildo   72' | Amarildo   86' ,35'   Adelardo,http://thesoccerworldcups.com/games/1962_brazil_spain.php
Argentina,Mexico,2,1,| |Hernan Crespo   10' |Maxi Rodriguez   98' ,6'  Rafael Marquez,http://thesoccerworldcups.com/games/2006_argentina_mexico.php
Denmark,Uruguay,6,1,|Preben Elkjaer Larsen   11' |Soren Lerby   41' | |Michael Laudrup   52' |Preben Elkjaer Larsen   67' |Preben Elkjaer Larsen   80' |Jesper Olsen   88' ,45'  Enzo Francescoli  (penalty),http://thesoccerworldcups.com/games/1986_denmark_uruguay.php
Italy,Cameroon,1,1,|Francesco Graziani   60' | ,61'  Gregoire Mbida,http://thesoccerworldcups.com/games/1982_italy_cameroon.php
Italy,Argentina,1,1,|Alessandro Altobelli  (penalty)  6' | ,34'  Diego Maradona,http://thesoccerworldcups.com/games/1986_italy_argentina.php
Uruguay,Czechoslovakia,2,0,|Oscar Miguez   71' |Juan Schiaffino   84' ,,http://thesoccerworldcups.com/games/1954_uruguay_czechoslovakia.php
Italy,Poland,0,0,,,http://thesoccerworldcups.com/games/1982_italy_poland.php
,,,,,,http://thesoccerworldcups.com/games/1950_brazil_switzerland.php
Italy,France,0,0,| Roberto Baggio 
						,,http://thesoccerworldcups.com/games/1998_italy_france.php
Paraguay,Trinidad and Tobago,2,0,|Brent Sancho   (own goal) 25' |Nelson Cuevas   86' ,,http://thesoccerworldcups.com/games/2006_paraguay_trinidad_and_tobago.php
Holland,Argentina,0,0,,,http://thesoccerworldcups.com/games/2006_holland_argentina.php
West Germany,Czechoslovakia,2,2,| | |Hans Schaefer   59' |Helmut Rahn   70' ,24'  Milan Dvorak  (penalty)43'  Zdenek Zikan,http://thesoccerworldcups.com/games/1958_west_germany_czechoslovakia.php
Germany,Brazil,0,2,| | ,67'   Ronaldo79'   Ronaldo,http://thesoccerworldcups.com/games/2002_germany_brazil.php
Mexico,Iran,3,1,|Omar Bravo   28' | |Omar Bravo   76' | Zinha   79' ,36'  Yahya Golmohammadi,http://thesoccerworldcups.com/games/2006_mexico_iran.php
Costa Rica,Brazil,2,5,| | | |Paulo Wanchope   39' |Ronald Gomez   56' | | ,10'   Ronaldo13'   Ronaldo38'   Edmilson62'   Rivaldo64'   Junior,http://thesoccerworldcups.com/games/2002_costa_rica_brazil.php
France,Mexico,0,2,| | ,64'  Javier Hernandez79'  Cuauhtemoc Blanco  (penalty),http://thesoccerworldcups.com/games/2010_france_mexico.php
England,West Germany,1,1,| |Gary Lineker   80' | Gary Lineker 
						,60'  Andreas Brehme,http://thesoccerworldcups.com/games/1990_england_west_germany.php
Austria,Germany,2,3,| | |Johann Horvath   28' | |Karl Sesta   54' ,1'  Ernest Lehner27'  Edmund Conen42'  Ernest Lehner,http://thesoccerworldcups.com/games/1934_austria_germany.php
Greece,Argentina,0,2,| | ,77'  Martin Demichelis89'  Martin Palermo,http://thesoccerworldcups.com/games/2010_greece_argentina.php
Soviet Union,Canada,2,0,|Oleg Blokhin   58' |Aleksandr Zavarov   74' ,,http://thesoccerworldcups.com/games/1986_soviet_union_canada.php
Soviet Union,England,2,2,|Nikita Simonyan   13' |Aleksandr Ivanov   55' | | ,66'  Derek Kevan85'  Tom Finney  (penalty),http://thesoccerworldcups.com/games/1958_soviet_union_england_2.php
Holland,FR of Yugoslavia,2,1,|Dennis Bergkamp   38' | |Edgar Davids   90'+2' ,48'  Slobodan Komljenovic,http://thesoccerworldcups.com/games/1998_holland_fr_of_yugoslavia.php
Italy,USA,1,0,|Giuseppe Giannini   11' ,,http://thesoccerworldcups.com/games/1990_italy_usa.php
Brazil,Czechoslovakia,0,0,,,http://thesoccerworldcups.com/games/1962_brazil_czechoslovakia.php
Argentina,Belgium,2,0,|Diego Maradona   51' |Diego Maradona   63' ,,http://thesoccerworldcups.com/games/1986_argentina_belgium.php
England,Morocco,0,0,,,http://thesoccerworldcups.com/games/1986_england_morocco.php
Slovenia,USA,2,2,|Valter Birsa   13' |Zlatan Ljubijankic   42' | | ,48'  Landon Donovan82'  Michael Bradley,http://thesoccerworldcups.com/games/2010_slovenia_usa.php
Brazil,England,1,0,| Jairzinho   59' ,,http://thesoccerworldcups.com/games/1970_brazil_england.php
Spain,Brazil,0,1,| ,62'   Socrates,http://thesoccerworldcups.com/games/1986_spain_brazil.php
,,,,,,http://thesoccerworldcups.com/games/1934_switzerland_holland.php
,,,,,,http://thesoccerworldcups.com/games/1998_france_croatia.php
,,,,,,http://thesoccerworldcups.com/games/1950_yugoslavia_switzerland.php
,,,,,,http://thesoccerworldcups.com/games/2006_france_switzerland.php
Italy,Czechoslovakia,2,1,| |Raimundo Orsi   81' |Angelo Schiavio   95' ,76'  Antonin Puc,http://thesoccerworldcups.com/games/1934_italy_czechoslovakia.php
Uruguay,Romania,4,0,|Pablo Dorado   7' |Hector Scarone   24' |Juan Anselmo   30' |Pedro Cea   35' ,,http://thesoccerworldcups.com/games/1930_uruguay_romania.php
Argentina,France,2,1,|Daniel Passarella  (penalty)  45' | |Leopoldo Luque   73' ,60'  Michel Platini,http://thesoccerworldcups.com/games/1978_argentina_france.php
Mexico,Wales,1,1,| |Jaime Belmonte   89' ,32'  Ivor Allchurch,http://thesoccerworldcups.com/games/1958_mexico_wales.php
Italy,Spain,1,1,| |Giovanni Ferrari   44' ,30'  Luis Regueiro,http://thesoccerworldcups.com/games/1934_italy_spain_2.php
South Korea,Uruguay,0,1,| ,90'  Daniel Fonseca,http://thesoccerworldcups.com/games/1990_south_korea_uruguay.php
Brazil,Norway,1,2,| Bebeto   78' | | ,83'  Tore Andre Flo89'  Kjetil Rekdal  (penalty),http://thesoccerworldcups.com/games/1998_brazil_norway.php
,,,,,,http://thesoccerworldcups.com/games/1934_hungary_egypt.php
Belgium,Mexico,1,2,| | |Erwin Vandenbergh   45' ,23'  Fernando Quirarte39'  Hugo Sánchez,http://thesoccerworldcups.com/games/1986_belgium_mexico.php
Holland,Argentina,4,0,|Johan Cruyff   10' |Ruud Krol   25' |Johnny Rep   73' |Johan Cruyff   90' ,,http://thesoccerworldcups.com/games/1974_holland_argentina.php
France,Mexico,3,2,|Jean Vincent   19' |Raul Cardenas   (own goal) 46' | | |Raymond Kopa  (penalty)  88' ,54'  Jose Lamadrid85'  Tomas Balcazar,http://thesoccerworldcups.com/games/1954_france_mexico.php
Germany,Paraguay,1,0,|Oliver Neuville   88' ,,http://thesoccerworldcups.com/games/2002_germany_paraguay.php
West Germany,Argentina,0,0,,,http://thesoccerworldcups.com/games/1966_west_germany_argentina.php
England,Portugal,2,1,|Bobby Charlton   30' |Bobby Charlton   80' | ,82'   Eusebio  (penalty),http://thesoccerworldcups.com/games/1966_england_portugal.php
France,Belgium,3,1,|Emile Veinante   1' |Jean Nicolas   16' | |Jean Nicolas   69' ,38'  Henri Isemborghs,http://thesoccerworldcups.com/games/1938_france_belgium.php
,,,,,,http://thesoccerworldcups.com/games/1994_spain_switzerland.php
Morocco,West Germany,0,1,| ,87'  Lothar Matthaeus,http://thesoccerworldcups.com/games/1986_morocco_west_germany.php
Brazil,Turkey,2,1,| | Ronaldo   50' | Rivaldo  (penalty)  87' ,45'+2'  Hasan Sas,http://thesoccerworldcups.com/games/2002_brazil_turkey_2.php
,,,,,,http://thesoccerworldcups.com/games/1954_switzerland_italy_2.php
Italy,Paraguay,1,1,| |Daniele De Rossi   63' ,39'  Antolin Alcaraz,http://thesoccerworldcups.com/games/2010_italy_paraguay.php
England,Argentina,3,1,|Ron Flowers  (penalty)  17' |Bobby Charlton   42' |Jimmy Greaves   67' | ,81'  Jose Sanfilippo,http://thesoccerworldcups.com/games/1962_england_argentina.php
Argentina,Jamaica,5,0,|Ariel Ortega   31' |Ariel Ortega   55' |Gabriel Batistuta   73' |Gabriel Batistuta   78' |Gabriel Batistuta  (penalty)  83' ,,http://thesoccerworldcups.com/games/1998_argentina_jamaica.php
,,,,,,http://thesoccerworldcups.com/games/1954_hungary_south_korea.php
Italy,West Germany,3,1,|Paolo Rossi   57' |Marco Tardelli   69' |Alessandro Altobelli   81' | ,83'  Paul Breitner,http://thesoccerworldcups.com/games/1982_italy_west_germany.php
West Germany,Soviet Union,2,1,|Helmut Haller   43' |Franz Beckenbauer   67' | ,88'  Valeriy Porkuyan,http://thesoccerworldcups.com/games/1966_west_germany_soviet_union.php
Spain,Portugal,1,0,|David Villa   63' ,,http://thesoccerworldcups.com/games/2010_spain_portugal.php
Italy,Austria,1,0,|Salvatore Schillaci   78' ,,http://thesoccerworldcups.com/games/1990_italy_austria.php
Mexico,USA,0,2,| | ,8'  Brian Mcbride65'  Landon Donovan,http://thesoccerworldcups.com/games/2002_mexico_usa.php
France,Soviet Union,1,1,| |Luis Fernandez   62' ,53'  Vasili Rats,http://thesoccerworldcups.com/games/1986_france_soviet_union.php
Brazil,Czechoslovakia,0,0,,,http://thesoccerworldcups.com/games/1962_brazil_czechoslovakia_2.php
Sweden,Paraguay,1,0,|Fredrik Ljungberg   89' ,,http://thesoccerworldcups.com/games/2006_sweden_paraguay.php
Ireland,Holland,1,1,| |Niall Quinn   71' ,11'  Ruud Gullit,http://thesoccerworldcups.com/games/1990_ireland_holland.php
Sweden,Argentina,1,1,|Anders Svensson   59' | ,88'  Hernan Crespo,http://thesoccerworldcups.com/games/2002_sweden_argentina.php
South Korea,Bulgaria,1,1,| |Jong Boo Kim   70' ,11'  Plamen Getov,http://thesoccerworldcups.com/games/1986_south_korea_bulgaria.php
Brazil,Romania,3,2,| Pelé   19' | Jairzinho   22' | | Pelé   67' | ,34'  Florea Dumitrache84'  Emerich Dembrovschi,http://thesoccerworldcups.com/games/1970_brazil_romania.php
Argentina,Northern Ireland,3,1,| |Omar Oreste Corbatta  (penalty)  38' |Norberto Menendez   55' |Ludovico Avio   59' ,3'  Peter Mcparland,http://thesoccerworldcups.com/games/1958_argentina_northern_ireland.php
South Africa,Uruguay,0,3,| | | ,24'  Diego Forlan80'  Diego Forlan  (penalty)90'+5'  Alvaro Pereira,http://thesoccerworldcups.com/games/2010_south_africa_uruguay.php
Italy,Spain,1,1,| |Giovanni Ferrari   44' ,30'  Luis Regueiro,http://thesoccerworldcups.com/games/1934_italy_spain.php
Chile,Mexico,3,0,|Carlos Vidal   3' |Manuel Rosas   (own goal) 51' |Carlos Vidal   65' ,,http://thesoccerworldcups.com/games/1930_chile_mexico.php
,,,,,,http://thesoccerworldcups.com/games/1938_hungary_dutch_east_indies.php
,,,,,,http://thesoccerworldcups.com/games/1986_soviet_union_hungary.php
Italy,Ireland,1,0,|Salvatore Schillaci   38' ,,http://thesoccerworldcups.com/games/1990_italy_ireland.php
Northern Ireland,Czechoslovakia,1,0,|Wilbur Cush   20' ,,http://thesoccerworldcups.com/games/1958_northern_ireland_czechoslovakia.php
,,,,,,http://thesoccerworldcups.com/games/2006_switzerland_ukraine.php
Brazil,Yugoslavia,0,0,,,http://thesoccerworldcups.com/games/1974_brazil_yugoslavia.php
Algeria,Northern Ireland,1,1,| |Djamel Zidane   59' ,6'  Norman Whiteside,http://thesoccerworldcups.com/games/1986_algeria_northern_ireland.php
Angola,Portugal,0,1,| ,4'   Pauleta,http://thesoccerworldcups.com/games/2006_angola_portugal.php
Morocco,Poland,0,0,,,http://thesoccerworldcups.com/games/1986_morocco_poland.php
Brazil,Morocco,3,0,| Ronaldo   9' | Rivaldo   45'+2' | Bebeto   50' ,,http://thesoccerworldcups.com/games/1998_brazil_morocco.php
Portugal,Holland,1,0,| Maniche   23' ,,http://thesoccerworldcups.com/games/2006_portugal_holland.php
Cuba,Romania,3,3,| |Hector Socorro   44' |Jose Magrina   69' | |Hector Socorro   103' | ,35'  Silviu Bindea88'  Iuliu Baratky105'  Stefan Dobay,http://thesoccerworldcups.com/games/1938_cuba_romania_2.php
,,,,,,http://thesoccerworldcups.com/games/1938_hungary_switzerland.php
Romania,Argentina,3,2,|Ilie Dumitrescu   11' | |Ilie Dumitrescu   18' |Gheorghe Hagi   58' | ,16'  Gabriel Batistuta  (penalty)75'  Abel Balbo,http://thesoccerworldcups.com/games/1994_romania_argentina.php
Denmark,West Germany,2,0,|Jesper Olsen  (penalty)  43' |John Eriksen   62' ,,http://thesoccerworldcups.com/games/1986_denmark_west_germany.php
Yugoslavia,West Germany,1,0,|Petar Radakovic   85' ,,http://thesoccerworldcups.com/games/1962_yugoslavia_west_germany.php
Cameroon,Denmark,1,2,|Samuel Etoo   10' | | ,33'  Nicklas Bendtner61'  Dennis Rommedahl,http://thesoccerworldcups.com/games/2010_cameroon_denmark.php
Poland,Argentina,3,2,|Grzegorz Lato   7' |Andrzej Szarmach   8' | |Grzegorz Lato   62' | ,60'  Ramon Heredia66'  Carlos Babington,http://thesoccerworldcups.com/games/1974_poland_argentina.php
Saudi Arabia,Sweden,1,3,| | |Fahad Al Ghesheyan   85' | ,6'  Martin Dahlin51'  Kennet Andersson88'  Kennet Andersson,http://thesoccerworldcups.com/games/1994_saudi_arabia_sweden.php
Italy,Austria,2,1,|Christian Vieri   48' |Roberto Baggio   90' | ,90'+2'  Andreas Herzog  (penalty),http://thesoccerworldcups.com/games/1998_italy_austria.php
West Germany,Turkey,4,1,| |Hans Schaefer   14' |Berni Klodt   52' |Ottmar Walter   60' |Max Morlock   84' ,2'  Mamat Suat,http://thesoccerworldcups.com/games/1954_west_germany_turkey_2.php
France,Paraguay,7,3,| |Just Fontaine   24' |Just Fontaine   30' | | |Roger Piantoni   52' |Maryan Wisnieski   61' |Just Fontaine   67' |Raymond Kopa   70' |Jean Vincent   83' ,20'  Florencio Amarilla44'  Florencio Amarilla  (penalty)50'  Jorge Romero,http://thesoccerworldcups.com/games/1958_france_paraguay.php
Holland,Japan,1,0,|Wesley Sneijder   53' ,,http://thesoccerworldcups.com/games/2010_holland_japan.php
Sweden,Mexico,3,0,|Agne Simonsson   17' |Nils Liedholm  (penalty)  57' |Agne Simonsson   64' ,,http://thesoccerworldcups.com/games/1958_sweden_mexico.php
England,Poland,3,0,|Gary Lineker   9' |Gary Lineker   14' |Gary Lineker   34' ,,http://thesoccerworldcups.com/games/1986_england_poland.php
Argentina,Holland,3,1,|Mario Kempes   38' | |Mario Kempes   105' |Daniel Bertoni   116' ,82'  Dick Nanninga,http://thesoccerworldcups.com/games/1978_argentina_holland.php
Sweden,Soviet Union,2,0,|Kurt Hamrin   49' |Agne Simonsson   88' ,,http://thesoccerworldcups.com/games/1958_sweden_soviet_union.php
Brazil,Mexico,5,0,| Baltazar   23' | Didi   30' | Pinga   34' | Pinga   43' | Julinho   69' ,,http://thesoccerworldcups.com/games/1954_brazil_mexico.php
Argentina,West Germany,1,3,|Omar Oreste Corbatta   2' | | | ,32'  Helmut Rahn40'  Uwe Seeler79'  Helmut Rahn,http://thesoccerworldcups.com/games/1958_argentina_west_germany.php
Cuba,Sweden,0,8,| | | | | | | | ,9'  Tore Keller32'  Gustav Wetterstrom37'  Gustav Wetterstrom44'  Gustav Wetterstrom80'  Tore Keller81'  Tore Keller84'  Arne Nyberg90'  Harry Andersson,http://thesoccerworldcups.com/games/1938_cuba_sweden.php
Spain,USA,3,1,| |Silvestre Igoa   81' |Estanislao Basora   83' | Zarra   89' ,17'  Gino Pariani,http://thesoccerworldcups.com/games/1950_spain_usa.php
England,Austria,2,2,| |John Haynes   56' | |Derek Kevan   73' ,16'  Karl Koller70'  Alfred Koerner,http://thesoccerworldcups.com/games/1958_england_austria.php
Argentina,West Germany,0,1,| ,85'  Andreas Brehme  (penalty),http://thesoccerworldcups.com/games/1990_argentina_west_germany.php
Soviet Union,North Korea,3,0,|Eduard Malofeyev   31' |Anatoli Banishevski   33' |Eduard Malofeyev   88' ,,http://thesoccerworldcups.com/games/1966_soviet_union_north_korea.php
Brazil,Sweden,7,1,| Ademir   17' | Ademir   36' | Chico   39' | Ademir   52' | Ademir   58' | | Maneca   85' | Chico   88' ,67'  Sune Andersson  (penalty),http://thesoccerworldcups.com/games/1950_brazil_sweden.php
Spain,France,1,3,|David Villa  (penalty)  28' | | | ,41'  Franck Ribery83'  Patrick Vieira90'+2'  Zinedine Zidane,http://thesoccerworldcups.com/games/2006_spain_france.php
Argentina,Spain,2,1,|Luis Artime   65' | |Luis Artime   79' ,71'   Pirri,http://thesoccerworldcups.com/games/1966_argentina_spain.php
,,,,,,http://thesoccerworldcups.com/games/1934_czechoslovakia_switzerland.php
Argentina,South Korea,3,1,|Jorge Valdano   6' |Oscar Ruggeri   18' |Jorge Valdano   46' | ,73'  Chang Sun Park,http://thesoccerworldcups.com/games/1986_argentina_south_korea.php
Chile,Cameroon,1,1,|Jose Sierra   20' | ,56'  Patrick Mboma,http://thesoccerworldcups.com/games/1998_chile_cameroon.php
Argentina,Belgium,0,1,| ,62'  Erwin Vandenbergh,http://thesoccerworldcups.com/games/1982_argentina_belgium.php
Brazil,Ghana,3,0,| Ronaldo   5' | Adriano   45'+1' | Ze Roberto   84' ,,http://thesoccerworldcups.com/games/2006_brazil_ghana.php
,,,,,,http://thesoccerworldcups.com/games/1938_switzerland_germany_2.php
Germany,Sweden,2,1,|Karl Hohmann   60' |Karl Hohmann   63' | ,82'  Gosta Dunker,http://thesoccerworldcups.com/games/1934_germany_sweden.php
Uruguay,South Korea,2,1,|Luis Suarez   8' | |Luis Suarez   80' ,68'  Chung Yong Lee,http://thesoccerworldcups.com/games/2010_uruguay_south_korea.php
Argentina,Serbia and Montenegro,6,0,|Maxi Rodriguez   6' |Esteban Cambiasso   31' |Maxi Rodriguez   41' |Hernan Crespo   78' |Carlos Tevez   84' |Lionel Messi   88' ,,http://thesoccerworldcups.com/games/2006_argentina_serbia_and_montenegro.php
Portugal,Brazil,3,1,| Simoes   15' | Eusebio   27' | | Eusebio   85' ,73'   Rildo,http://thesoccerworldcups.com/games/1966_portugal_brazil.php
Brazil,Turkey,2,1,| | Ronaldo   50' | Rivaldo  (penalty)  87' ,45'+2'  Hasan Sas,http://thesoccerworldcups.com/games/2002_brazil_turkey.php
Uruguay,Peru,1,0,|Hector Castro   60' ,,http://thesoccerworldcups.com/games/1930_uruguay_peru.php
,,,,,,http://thesoccerworldcups.com/games/1962_chile_switzerland.php
Brazil,Italy,4,1,| Pelé   18' | | Gerson   66' | Jairzinho   71' | Carlos Alberto   86' ,37'  Roberto Boninsegna,http://thesoccerworldcups.com/games/1970_brazil_italy.php
England,Algeria,0,0,,,http://thesoccerworldcups.com/games/2010_england_algeria.php
Brazil,Poland,6,5,| Leonidas   18' | | Romeu   25' | Peracio   44' | | | Peracio   71' | | Leonidas   93' | Leonidas   104' | ,23'  Fryedryk Szerfke  (penalty)53'  Ernest Wilimowski59'  Ernest Wilimowski89'  Ernest Wilimowski118'  Ernest Wilimowski,http://thesoccerworldcups.com/games/1938_brazil_poland.php
Yugoslavia,France,3,2,| |Aleksandar Petakovic   16' |Toza Veselinovic   63' | |Toza Veselinovic   88' ,4'  Just Fontaine85'  Just Fontaine,http://thesoccerworldcups.com/games/1958_yugoslavia_france.php
Soviet Union,Austria,2,0,|Anatoli Ilyin   15' |Valentin Ivanov   63' ,,http://thesoccerworldcups.com/games/1958_soviet_union_austria.php
England,Paraguay,1,0,|Carlos Gamarra   (own goal) 3' ,,http://thesoccerworldcups.com/games/2006_england_paraguay.php
,,,,,,http://thesoccerworldcups.com/games/2006_japan_croatia.php
Japan,Turkey,0,1,| ,12'  Umit Davala,http://thesoccerworldcups.com/games/2002_japan_turkey.php
West Germany,Chile,1,0,|Paul Breitner   18' ,,http://thesoccerworldcups.com/games/1974_west_germany_chile.php
England,Belgium,1,0,|David Platt   119' ,,http://thesoccerworldcups.com/games/1990_england_belgium.php
,,,,,,http://thesoccerworldcups.com/games/1966_west_germany_switzerland.php
Italy,New Zealand,1,1,| |Vincenzo Iaquinta  (penalty)  29' ,7'  Shane Smeltz,http://thesoccerworldcups.com/games/2010_italy_new_zealand.php
Argentina,Uruguay,1,0,|Pedro Pasculli   42' ,,http://thesoccerworldcups.com/games/1986_argentina_uruguay.php
Nigeria,Italy,1,2,|Emmanuel Amunike   25' | | ,89'  Roberto Baggio100'  Roberto Baggio  (penalty),http://thesoccerworldcups.com/games/1994_nigeria_italy.php
Italy,Australia,1,0,|Francesco Totti  (penalty)  90'+5' ,,http://thesoccerworldcups.com/games/2006_italy_australia.php
Slovakia,Paraguay,0,2,| | ,27'  Enrique Vera86'  Cristian Riveros,http://thesoccerworldcups.com/games/2010_slovakia_paraguay.php
Iraq,Mexico,0,1,| ,54'  Fernando Quirarte,http://thesoccerworldcups.com/games/1986_iraq_mexico.php
Argentina,Brazil,0,0,,,http://thesoccerworldcups.com/games/1978_argentina_brazil.php
England,Paraguay,3,0,|Gary Lineker   31' |Peter Beardsley   56' |Gary Lineker   73' ,,http://thesoccerworldcups.com/games/1986_england_paraguay.php
Germany,Mexico,2,1,| |Juergen Klinsmann   75' |Oliver Bierhoff   86' ,47'  Luis Hernandez,http://thesoccerworldcups.com/games/1998_germany_mexico.php
Brazil,Peru,3,0,| Dirceu   15' | Dirceu   28' | Zico  (penalty)  73' ,,http://thesoccerworldcups.com/games/1978_brazil_peru.php
Belgium,South Korea,2,0,|Marc De Grijse   53' |Michel De Wolf   64' ,,http://thesoccerworldcups.com/games/1990_belgium_south_korea.php
England,France,2,0,|Roger Hunt   38' |Roger Hunt   75' ,,http://thesoccerworldcups.com/games/1966_england_france.php
Uruguay,England,4,2,|Carlos Borges   5' | |Obdulio Varela   39' |Juan Schiaffino   46' | |Javier Ambrois   78' ,16'  Nat Lofthouse67'  Tom Finney,http://thesoccerworldcups.com/games/1954_uruguay_england.php
Sweden,Senegal,1,2,|Henrik Larsson   11' | | ,37'  Henri Camara14'  Henri Camara,http://thesoccerworldcups.com/games/2002_sweden_senegal.php
,,,,,,http://thesoccerworldcups.com/games/1950_switzerland_mexico.php
Uruguay,Brazil,2,1,| |Juan Schiaffino   66' |Alcides Ghiggia   79' ,47'   Friaca,http://thesoccerworldcups.com/games/1950_uruguay_brazil.php
,,,,,,http://thesoccerworldcups.com/games/1958_hungary_mexico.php
New Zealand,Slovakia,1,1,| |Winston Reid   90'+3' ,50'  Robert Vittek,http://thesoccerworldcups.com/games/2010_new_zealand_slovakia.php
Brazil,Mexico,2,0,| Zagallo   56' | Pelé   73' ,,http://thesoccerworldcups.com/games/1962_brazil_mexico.php
Ghana,USA,2,1,|Haminu Draman   22' | |Stephen Appiah  (penalty)  45'+2' ,43'  Clint Dempsey,http://thesoccerworldcups.com/games/2006_ghana_usa.php
Czechoslovakia,Argentina,6,1,|Milan Dvorak   8' |Zdenek Zikan   17' |Vaclav Hovorka   40' | |Jiri Feureisl   69' |Zdenek Zikan   82' |Vaclav Hovorka   89' ,65'  Omar Oreste Corbatta  (penalty),http://thesoccerworldcups.com/games/1958_czechoslovakia_argentina.php
Germany,Argentina,1,1,| |Miroslav Klose   80' | Oliver Neuville 
						,49'  Roberto Ayala,http://thesoccerworldcups.com/games/2006_germany_argentina.php
Italy,Peru,1,1,|Bruno Conti   18' | ,83'  Ruben Diaz,http://thesoccerworldcups.com/games/1982_italy_peru.php
Italy,Czechoslovakia,2,0,|Salvatore Schillaci   9' |Roberto Baggio   78' ,,http://thesoccerworldcups.com/games/1990_italy_czechoslovakia.php
,,,,,,http://thesoccerworldcups.com/games/1954_hungary_west_germany.php
Northern Ireland,Czechoslovakia,1,0,|Wilbur Cush   20' ,,http://thesoccerworldcups.com/games/1958_northern_ireland_czechoslovakia_2.php
West Germany,France,2,0,|Andreas Brehme   9' |Rudi Voeller   89' ,,http://thesoccerworldcups.com/games/1986_west_germany_france.php
,,,,,,http://thesoccerworldcups.com/games/1954_england_switzerland.php
Uruguay,Colombia,2,1,| |Luis Cubilla   56' |Jose Sasia   75' ,19'  Francisco Zuluaga  (penalty),http://thesoccerworldcups.com/games/1962_uruguay_colombia.php
Portugal,Soviet Union,2,1,| Eusebio  (penalty)  12' | |Jose Torres   89' ,43'  Eduard Malofeyev,http://thesoccerworldcups.com/games/1966_portugal_soviet_union.php
Colombia,England,0,2,| | ,20'  Darren Anderton29'  David Beckham,http://thesoccerworldcups.com/games/1998_colombia_england.php
Trinidad and Tobago,Sweden,0,0,,,http://thesoccerworldcups.com/games/2006_trinidad_and_tobago_sweden.php
USA,Ghana,1,2,| |Landon Donovan   62' | ,5'  Kevin Prince Boateng93'  Asamoah Gyan,http://thesoccerworldcups.com/games/2010_usa_ghana.php
Brazil,North Korea,2,1,| Maicon   55' | Elano   72' | ,89'  Yun Nam Ji,http://thesoccerworldcups.com/games/2010_brazil_north_korea.php
Brazil,Yugoslavia,2,0,| Ademir   4' | Zizinho   69' ,,http://thesoccerworldcups.com/games/1950_brazil_yugoslavia.php
Italy,Ghana,2,0,|Andrea Pirlo   40' |Vincenzo Iaquinta   83' ,,http://thesoccerworldcups.com/games/2006_italy_ghana.php
Argentina,East Germany,1,1,| |Rene Houseman   20' ,14'  Joachim Streich,http://thesoccerworldcups.com/games/1974_argentina_east_germany.php
Argentina,Bulgaria,2,0,|Jorge Valdano   3' |Jorge Burruchaga   76' ,,http://thesoccerworldcups.com/games/1986_argentina_bulgaria.php
West Germany,Chile,2,0,|Horst Szymaniak  (penalty)  21' |Uwe Seeler   82' ,,http://thesoccerworldcups.com/games/1962_west_germany_chile.php
England,Belgium,4,4,| |Ivor Broadis   26' |Nat Lofthouse   36' |Ivor Broadis   63' | | |Nat Lofthouse   91' | ,5'  Leopold Anoul67'  Rik Coppens71'  Leopold Anoul94'  Jimmy Dickinson   (own goal),http://thesoccerworldcups.com/games/1954_england_belgium.php
Germany,Australia,4,0,|Lukas Podolski   8' |Miroslav Klose   26' |Thomas Mueller   68' | Cacau   70' ,,http://thesoccerworldcups.com/games/2010_germany_australia.php
Australia,Japan,3,1,| |Tim Cahill   84' |Tim Cahill   89' |John Aloisi   90'+2' ,26'  Shunsuke Nakamura,http://thesoccerworldcups.com/games/2006_australia_japan.php
Paraguay,Yugoslavia,3,3,| |Jose Parodi   20' | |Juan Aguero   49' | |Jorge Romero   80' ,12'  Radivoje Ognjanovic29'  Toza Veselinovic73'  Zdravko Rajkov,http://thesoccerworldcups.com/games/1958_paraguay_yugoslavia.php
Poland,France,3,2,| |Andrzej Szarmach   40' |Stefan Majewski   44' |Janusz Kupcewicz   46' | ,13'  Rene Girard72'  Alain Couriol,http://thesoccerworldcups.com/games/1982_poland_france.php
Mexico,Bulgaria,2,0,|Manuel Negrete   34' |Raul Servin   61' ,,http://thesoccerworldcups.com/games/1986_mexico_bulgaria.php
Brazil,France,1,1,| Careca   17' | |(atajado)  Socrates 
						,40'  Michel Platini,http://thesoccerworldcups.com/games/1986_brazil_france.php
Spain,South Korea,0,0,| Fernando Hierro 
						,,http://thesoccerworldcups.com/games/2002_spain_south_korea.php
England,Portugal,0,0,|(atajado) Frank Lampard 
						,,http://thesoccerworldcups.com/games/2006_england_portugal.php
England,USA,1,1,|Steven Gerrard   4' | ,40'  Clint Dempsey,http://thesoccerworldcups.com/games/2010_england_usa.php
Brazil,Soviet Union,2,1,| | Socrates   75' | Eder   88' ,34'  Andrei Bal,http://thesoccerworldcups.com/games/1982_brazil_soviet_union.php
Holland,Spain,0,1,| ,116'  Andres Iniesta,http://thesoccerworldcups.com/games/2010_holland_spain.php
Brazil,Czechoslovakia,4,1,| | Rivelino   24' | Pelé   59' | Jairzinho   61' | Jairzinho   83' ,11'  Ladislav Petras,http://thesoccerworldcups.com/games/1970_brazil_czechoslovakia.php
Chile,Soviet Union,2,1,|Leonel Sanchez   11' | |Eladio Rojas   29' ,26'  Igor Chislenko,http://thesoccerworldcups.com/games/1962_chile_soviet_union.php
Belgium,Spain,1,1,|Jan Ceulemans   35' | | Nico Claesen 
						,85'  Juan Antonio Senor,http://thesoccerworldcups.com/games/1986_belgium_spain.php
Costa Rica,Poland,1,2,|Ronald Gomez   25' | | ,33'  Bartosz Bosacki66'  Bartosz Bosacki,http://thesoccerworldcups.com/games/2006_costa_rica_poland.php
Argentina,Nigeria,2,1,| |Claudio Caniggia   21' |Claudio Caniggia   28' ,8'  Samson Siasia,http://thesoccerworldcups.com/games/1994_argentina_nigeria.php
Argentina,El Salvador,2,0,|Daniel Passarella  (penalty)  22' |Daniel Bertoni   54' ,,http://thesoccerworldcups.com/games/1982_argentina_el_salvador.php
Mexico,West Germany,0,0,| Manuel Negrete 
						,,http://thesoccerworldcups.com/games/1986_mexico_west_germany.php
,,,,,,http://thesoccerworldcups.com/games/1954_austria_switzerland.php
Argentina,Nigeria,1,0,|Gabriel Heinze   6' ,,http://thesoccerworldcups.com/games/2010_argentina_nigeria.php
South Africa,Mexico,1,1,|Siphiwe Tshabalala   55' | ,79'  Rafael Marquez,http://thesoccerworldcups.com/games/2010_south_africa_mexico.php
Sweden,Brazil,0,1,| ,80'   Romario,http://thesoccerworldcups.com/games/1994_sweden_brazil.php
Brazil,Russia,2,0,| Romario   26' | Rai  (penalty)  52' ,,http://thesoccerworldcups.com/games/1994_brazil_russia.php
Argentina,Ivory Coast,2,1,|Hernan Crespo   24' |Javier Saviola   38' | ,82'  Didier Drogba,http://thesoccerworldcups.com/games/2006_argentina_ivory_coast.php
Sweden,Spain,3,1,|Stig Sundqvist   15' |Bror Mellberg   33' |Karl-Erik Palmer   80' | ,82'   Zarra,http://thesoccerworldcups.com/games/1950_sweden_spain.php
Nigeria,South Korea,2,2,|Kalu Uche   12' | | |Yakubu Aiyegbeni  (penalty)  69' ,38'  Jung Soo Lee49'  Chu Young Park,http://thesoccerworldcups.com/games/2010_nigeria_south_korea.php
Portugal,England,1,0,| Carlos Manuel   75' ,,http://thesoccerworldcups.com/games/1986_portugal_england.php
West Germany,Yugoslavia,2,0,|Ivan Horvat   (own goal) 9' |Helmut Rahn   85' ,,http://thesoccerworldcups.com/games/1954_west_germany_yugoslavia.php
Argentina,Soviet Union,2,0,|Pedro Troglio   27' |Jorge Burruchaga   79' ,,http://thesoccerworldcups.com/games/1990_argentina_soviet_union.php
England,Uruguay,0,0,,,http://thesoccerworldcups.com/games/1966_england_uruguay.php
Czech Republic,Italy,0,2,| | ,26'  Marco Materazzi87'  Filippo Inzaghi,http://thesoccerworldcups.com/games/2006_czech_republic_italy.php
Czechoslovakia,Germany,3,1,|Oldrich Nejedly   21' | |Oldrich Nejedly   69' |Oldrich Nejedly   80' ,62'  Rudolf Noack,http://thesoccerworldcups.com/games/1934_czechoslovakia_germany.php
Ecuador,Costa Rica,3,0,|Carlos Tenorio   8' |Agustin Delgado   54' |Ivan Kaviedes   90'+2' ,,http://thesoccerworldcups.com/games/2006_ecuador_costa_rica.php
Portugal,Iran,2,0,| Deco   63' | Cristiano Ronaldo  (penalty)  80' ,,http://thesoccerworldcups.com/games/2006_portugal_iran.php
,,,,,,http://thesoccerworldcups.com/games/1978_argentina_hungary.php
Germany,Belgium,3,2,|Rudi Voeller   6' | |Juergen Klinsmann   11' |Rudi Voeller   40' | ,8'  Georges Grun90'  Philippe Albert,http://thesoccerworldcups.com/games/1994_germany_belgium.php
Paraguay,Belgium,2,2,| |Roberto Cabanas   50' | |Roberto Cabanas   76' ,30'  Frank Vercauteren59'  Daniel Veyt,http://thesoccerworldcups.com/games/1986_paraguay_belgium.php
Yugoslavia,Mexico,4,1,|Stjepan Bobek   20' |Zeljko Cajkovski   23' |Zeljko Cajkovski   51' |Kosta Tomasevic   81' | ,89'  Hector Ortiz  (penalty),http://thesoccerworldcups.com/games/1950_yugoslavia_mexico.php
Brazil,China,4,0,| Roberto Carlos   15' | Rivaldo   32' | Ronaldinho  (penalty)  45' | Ronaldo   55' ,,http://thesoccerworldcups.com/games/2002_brazil_china.php
Portugal,Brazil,0,0,,,http://thesoccerworldcups.com/games/2010_portugal_brazil.php
Chile,Brazil,2,4,| | |Jorge Toro   42' | |Leonel Sanchez  (penalty)  61' | ,9'   Garrincha32'   Garrincha47'   Vava78'   Vava,http://thesoccerworldcups.com/games/1962_chile_brazil.php
Mexico,Paraguay,1,1,|Luis Flores   3' | ,85'  Julio Cesar Romero,http://thesoccerworldcups.com/games/1986_mexico_paraguay.php
Uruguay,Scotland,7,0,|Carlos Borges   17' |Oscar Miguez   30' |Carlos Borges   47' |Julio Abbadie   54' |Carlos Borges   57' |Oscar Miguez   83' |Julio Abbadie   85' ,,http://thesoccerworldcups.com/games/1954_uruguay_scotland.php
Italy,Belgium,4,1,|Egisto Pandolfini  (penalty)  41' |Carlo Galli   48' |Amleto Frignani   58' |Benito Lorenzi   78' | ,81'  Leopold Anoul,http://thesoccerworldcups.com/games/1954_italy_belgium.php
Italy,Paraguay,2,0,|Riccardo Carapellese   12' |Egisto Pandolfini   63' ,,http://thesoccerworldcups.com/games/1950_italy_paraguay.php
Costa Rica,Scotland,1,0,|Juan Cayasso   49' ,,http://thesoccerworldcups.com/games/1990_costa_rica_scotland.php
,,,,,,http://thesoccerworldcups.com/games/1998_holland_croatia.php
Portugal,Mexico,2,1,| Maniche   6' | Simao  (penalty)  24' | ,29'  Jose Fonseca,http://thesoccerworldcups.com/games/2006_portugal_mexico.php
Brazil,Bolivia,4,0,| Moderato   37' | Preguinho   67' | Moderato   73' | Preguinho   83' ,,http://thesoccerworldcups.com/games/1930_brazil_bolivia.php
Brazil,Poland,0,1,| ,76'  Grzegorz Lato,http://thesoccerworldcups.com/games/1974_brazil_poland.php
Holland,Argentina,2,1,|Patrick Kluivert   12' | |Dennis Bergkamp   89' ,17'  Claudio Lopez,http://thesoccerworldcups.com/games/1998_holland_argentina.php
Uruguay,Germany,2,3,| |Edinson Cavani   28' |Diego Forlan   51' | | ,19'  Thomas Mueller56'  Marcell Jansen82'  Sami Khedira,http://thesoccerworldcups.com/games/2010_uruguay_germany.php
Sweden,Argentina,3,2,| |Sven Jonasson   9' | |Sven Jonasson   67' |Knut Kroon   79' ,4'  Ernesto Belis48'  Alberto Galateo,http://thesoccerworldcups.com/games/1934_sweden_argentina.php
Japan,Cameroon,1,0,|Keisuke Honda   39' ,,http://thesoccerworldcups.com/games/2010_japan_cameroon.php
,,,,,,http://thesoccerworldcups.com/games/1998_germany_croatia.php
,,,,,,http://thesoccerworldcups.com/games/1962_hungary_argentina.php
Sweden,Brazil,1,1,|Thomas Sjoberg   37' | ,45'   Reinaldo,http://thesoccerworldcups.com/games/1978_sweden_brazil.php
France,Mexico,1,1,| |Gerard Hausser   62' ,48'  Enrique Borja,http://thesoccerworldcups.com/games/1966_france_mexico.php
,,,,,,http://thesoccerworldcups.com/games/1954_hungary_west_germany_2.php
USA,Paraguay,3,0,|Bert Patenaude   10' |Bert Patenaude   15' |Bert Patenaude   50' ,,http://thesoccerworldcups.com/games/1930_usa_paraguay.php
Serbia and Montenegro,Holland,0,1,| ,18'  Arjen Robben,http://thesoccerworldcups.com/games/2006_serbia_and_montenegro_holland.php
Yugoslavia,France,1,0,|Milos Milutinovic   15' ,,http://thesoccerworldcups.com/games/1954_yugoslavia_france.php
Argentina,Haiti,4,1,|Hector Yazalde   15' |Rene Houseman   18' |Ruben Ayala   55' | |Hector Yazalde   68' ,63'  Emmanuel Sanon,http://thesoccerworldcups.com/games/1974_argentina_haiti.php
Brazil,Soviet Union,2,0,| Vava   3' | Vava   77' ,,http://thesoccerworldcups.com/games/1958_brazil_soviet_union.php
Spain,Honduras,2,0,|David Villa   17' |David Villa   51' ,,http://thesoccerworldcups.com/games/2010_spain_honduras.php
Brazil,Sweden,2,1,| Careca   40' | Careca   63' | ,79'  Tomas Brolin,http://thesoccerworldcups.com/games/1990_brazil_sweden.php
Brazil,Costa Rica,1,0,| Muller   33' ,,http://thesoccerworldcups.com/games/1990_brazil_costa_rica.php
Paraguay,Scotland,3,2,|Juan Aguero   4' | |Cayetano Re   45' |Jose Parodi   73' | ,24'  Jackie Mudie76'  Bobby Collins,http://thesoccerworldcups.com/games/1958_paraguay_scotland.php
Italy,France,0,2,| | ,15'  Michel Platini57'  Yannick Stopyra,http://thesoccerworldcups.com/games/1986_italy_france.php
Holland,Ireland,2,0,|Dennis Bergkamp   11' |Wim Jonk   41' ,,http://thesoccerworldcups.com/games/1994_holland_ireland.php
Sweden,Scotland,1,2,| | |Glenn Stromberg   86' ,11'  Stuart Mccall81'  Mo Johnston  (penalty),http://thesoccerworldcups.com/games/1990_sweden_scotland.php
Ukraine,Tunisia,1,0,|Andriy Shevchenko  (penalty)  70' ,,http://thesoccerworldcups.com/games/2006_ukraine_tunisia.php
England,Chile,2,0,|Stan Mortensen   39' |Wilf Mannion   51' ,,http://thesoccerworldcups.com/games/1950_england_chile.php
East Germany,West Germany,1,0,|Juergen Sparwasser   77' ,,http://thesoccerworldcups.com/games/1974_east_germany_west_germany.php
Honduras,Chile,0,1,| ,34'  Jean Beausejour,http://thesoccerworldcups.com/games/2010_honduras_chile.php
Northern Ireland,Spain,1,2,| | |Colin Clarke   47' ,2'  Emilio Butragueno18'   Julio Salinas,http://thesoccerworldcups.com/games/1986_northern_ireland_spain.php
Portugal,France,0,1,| ,33'  Zinedine Zidane  (penalty),http://thesoccerworldcups.com/games/2006_portugal_france.php
USA,Algeria,1,0,|Landon Donovan   90'+1' ,,http://thesoccerworldcups.com/games/2010_usa_algeria.php
France,Brazil,2,5,| |Just Fontaine   9' | | | | |Roger Piantoni   83' ,2'   Vava39'   Didi52'   Pelé64'   Pelé75'   Pelé,http://thesoccerworldcups.com/games/1958_france_brazil.php
,,,,,,http://thesoccerworldcups.com/games/1954_hungary_brazil.php
Uruguay,Sweden,3,2,| |Alcides Ghiggia   39' | |Oscar Miguez   77' |Oscar Miguez   85' ,5'  Karl-Erik Palmer40'  Stig Sundqvist,http://thesoccerworldcups.com/games/1950_uruguay_sweden.php
Brazil,England,3,1,| Garrincha   31' | | Vava   53' | Garrincha   59' ,38'  Gerry Hitchens,http://thesoccerworldcups.com/games/1962_brazil_england.php
Canada,France,0,1,| ,79'  Jean-Pierre Papin,http://thesoccerworldcups.com/games/1986_canada_france.php
Algeria,Spain,0,3,| | | ,15'  Ramon Maria Caldere68'  Ramon Maria Caldere70'   Eloy,http://thesoccerworldcups.com/games/1986_algeria_spain.php
Scotland,Denmark,0,1,| ,57'  Preben Elkjaer Larsen,http://thesoccerworldcups.com/games/1986_scotland_denmark.php
Yugoslavia,Uruguay,3,1,| |Josip Skoblar  (penalty)  25' |Milan Galic   29' |Drazen Jerkovic   49' ,19'  Angel Cabrera,http://thesoccerworldcups.com/games/1962_yugoslavia_uruguay.php
Togo,France,0,2,| | ,55'  Patrick Vieira61'  Thierry Henry,http://thesoccerworldcups.com/games/2006_togo_france.php
,,,,,,http://thesoccerworldcups.com/games/1962_hungary_england.php
Chile,France,1,0,|Guillermo Subiabre   65' ,,http://thesoccerworldcups.com/games/1930_chile_france.php
Chile,Spain,1,2,| | |Rodrigo Millar   47' ,24'  David Villa37'  Andres Iniesta,http://thesoccerworldcups.com/games/2010_chile_spain.php
Ireland,Egypt,0,0,,,http://thesoccerworldcups.com/games/1990_ireland_egypt.php
Italy,USA,7,1,|Angelo Schiavio   18' |Raimundo Orsi   20' |Angelo Schiavio   29' | |Giovanni Ferrari   63' |Angelo Schiavio   64' |Raimundo Orsi   69' |Giuseppe Meazza   90' ,57'  Aldo Donelli,http://thesoccerworldcups.com/games/1934_italy_usa.php
Holland,Egypt,1,1,|Wim Kieft   58' | ,83'  Magdy Abedelghani  (penalty),http://thesoccerworldcups.com/games/1990_holland_egypt.php
Argentina,Poland,2,0,|Mario Kempes   16' |Mario Kempes   71' ,,http://thesoccerworldcups.com/games/1978_argentina_poland.php
Argentina,England,2,1,|Diego Maradona   51' |Diego Maradona   54' | ,80'  Gary Lineker,http://thesoccerworldcups.com/games/1986_argentina_england.php
Brazil,Spain,6,1,|Jose Parra   (own goal) 15' | Jair   21' | Chico   31' | Chico   55' | Ademir   57' | Zizinho   67' | ,71'  Silvestre Igoa,http://thesoccerworldcups.com/games/1950_brazil_spain.php
Argentina,Brazil,1,2,| |Miguel Brindisi   35' | ,32'   Rivelino49'   Jairzinho,http://thesoccerworldcups.com/games/1974_argentina_brazil.php
England,Holland,0,0,,,http://thesoccerworldcups.com/games/1990_england_holland.php
,,,,,,http://thesoccerworldcups.com/games/1954_switzerland_italy.php
France,Paraguay,1,0,|Laurent Blanc   113' ,,http://thesoccerworldcups.com/games/1998_france_paraguay.php
Brazil,Chile,4,1,| Cesar Sampaio   11' | Cesar Sampaio   27' | Ronaldo  (penalty)  45'+1' | | Ronaldo   70' ,68'  Marcelo Salas,http://thesoccerworldcups.com/games/1998_brazil_chile.php
North Korea,Italy,1,0,|Doo Ik Pak   42' ,,http://thesoccerworldcups.com/games/1966_north_korea_italy.php
Poland,Ecuador,0,2,| | ,24'  Carlos Tenorio80'  Agustin Delgado,http://thesoccerworldcups.com/games/2006_poland_ecuador.php
Brazil,Chile,3,0,| Juan   35' | Luis Fabiano   38' | Robinho   59' ,,http://thesoccerworldcups.com/games/2010_brazil_chile.php
Ecuador,Germany,0,3,| | | ,4'  Miroslav Klose44'  Miroslav Klose57'  Lukas Podolski,http://thesoccerworldcups.com/games/2006_ecuador_germany.php
,,,,,,http://thesoccerworldcups.com/games/1962_west_germany_switzerland.php
Brazil,Czechoslovakia,1,1,| Leonidas   30' | ,65'  Oldrich Nejedly  (penalty),http://thesoccerworldcups.com/games/1938_brazil_czechoslovakia_2.php
Australia,West Germany,0,3,| | | ,12'  Wolfgang Overath34'  Bernd Cullmann53'  Gerd Mueller,http://thesoccerworldcups.com/games/1974_australia_west_germany.php
Scotland,Uruguay,0,0,,,http://thesoccerworldcups.com/games/1986_scotland_uruguay.php
Bulgaria,Italy,1,2,| | |Hristo Stoichkov  (penalty)  44' ,20'  Roberto Baggio25'  Roberto Baggio,http://thesoccerworldcups.com/games/1994_bulgaria_italy.php
Italy,England,2,1,|Roberto Baggio   71' | |Salvatore Schillaci  (penalty)  86' ,81'  David Platt,http://thesoccerworldcups.com/games/1990_italy_england.php
Argentina,Bulgaria,0,2,| | ,61'  Hristo Stoichkov90'  Nasko Sirakov,http://thesoccerworldcups.com/games/1994_argentina_bulgaria.php
Sweden,Wales,0,0,,,http://thesoccerworldcups.com/games/1958_sweden_wales.php
Belgium,France,2,4,|Jan Ceulemans   11' | | |Nico Claesen   73' | | ,27'  Jean-Marc Ferreri43'  Jean-Pierre Papin104'  Bernard Genghini111'  Manuel Amoros  (penalty),http://thesoccerworldcups.com/games/1986_belgium_france.php
Uruguay,Spain,0,0,,,http://thesoccerworldcups.com/games/1990_uruguay_spain.php
Brazil,Scotland,2,1,| Cesar Sampaio   5' | |Tom Boyd   (own goal) 74' ,38'  John Collins  (penalty),http://thesoccerworldcups.com/games/1998_brazil_scotland.php
Argentina,USA,6,1,|Luis Monti   20' |Alejandro Scopelli   56' |Guillermo Stabile   69' |Carlos Peucelle   80' |Carlos Peucelle   85' |Guillermo Stabile   87' | ,89'  Jim Brown,http://thesoccerworldcups.com/games/1930_argentina_usa.php
,,,,,,http://thesoccerworldcups.com/games/1958_sweden_hungary.php
Uruguay,France,0,0,,,http://thesoccerworldcups.com/games/2010_uruguay_france.php
Cameroon,Holland,1,2,| |Samuel Etoo  (penalty)  65' | ,36'  Robin Van Persie83'  Klaas Jan Huntelaar,http://thesoccerworldcups.com/games/2010_cameroon_holland.php
France,South Africa,1,2,| | |Florent Malouda   70' ,20'  Bongani Khumalo37'  Katlego Mphela,http://thesoccerworldcups.com/games/2010_france_south_africa.php
Paraguay,Spain,0,1,| ,83'  David Villa,http://thesoccerworldcups.com/games/2010_paraguay_spain.php
Soviet Union,England,2,2,|Nikita Simonyan   13' |Aleksandr Ivanov   55' | | ,66'  Derek Kevan85'  Tom Finney  (penalty),http://thesoccerworldcups.com/games/1958_soviet_union_england.php
Uruguay,Holland,2,3,| |Diego Forlan   41' | | |Maximiliano Pereira   90'+2' ,18'  Giovanni Van Bronckhorst70'  Wesley Sneijder73'  Arjen Robben,http://thesoccerworldcups.com/games/2010_uruguay_holland.php
West Germany,Sweden,4,2,| |Wolfgang Overath   51' |Rainer Bonhof   52' | |Juergen Grabowski   76' |Uli Hoeness  (penalty)  89' ,24'  Ralf Edstrom53'  Roland Sandberg,http://thesoccerworldcups.com/games/1974_west_germany_sweden.php
Brazil,Peru,4,2,| Rivelino   11' | Tostao   15' | | Tostao   52' | | Jairzinho   75' ,28'  Alberto Gallardo70'  Teofilo Cubillas,http://thesoccerworldcups.com/games/1970_brazil_peru.php
,,,,,,http://thesoccerworldcups.com/games/1962_czechoslovakia_hungary.php
Brazil,Italy,2,1,| | Nelinho   64' | Dirceu   72' ,38'  Franco Causio,http://thesoccerworldcups.com/games/1978_brazil_italy.php
Denmark,England,0,3,| | | ,5'  Rio Ferdinand22'  Michael Owen44'  Emile Heskey,http://thesoccerworldcups.com/games/2002_denmark_england.php
United Arab Emirates,Colombia,0,2,| | ,50'  Bernardo Redin85'  Carlos Valderrama,http://thesoccerworldcups.com/games/1990_united_arab_emirates_colombia.php
,,,,,,http://thesoccerworldcups.com/games/1986_hungary_france.php
Holland,Ivory Coast,2,1,|Robin Van Persie   23' |Ruud Van Nistelrooij   27' | ,38'  Bakary Kone,http://thesoccerworldcups.com/games/2006_holland_ivory_coast.php
Belgium,Uruguay,3,1,|Leo Clijsters   15' |Enzo Scifo   24' |Jan Ceulemans   47' | ,73'  Pablo Bengoechea,http://thesoccerworldcups.com/games/1990_belgium_uruguay.php
Spain,Brazil,3,1,| Iraragorri  (penalty)  18' | Iraragorri   25' |Isidro Langara   29' | ,55'   Leonidas,http://thesoccerworldcups.com/games/1934_spain_brazil.php
France,Mexico,4,1,|Lucien Laurent   19' |Marcel Langiller   40' |Andre Maschinot   43' | |Andre Maschinot   87' ,70'  Juan Carreno,http://thesoccerworldcups.com/games/1930_france_mexico.php
West Germany,France,3,3,|Pierre Littbarski   17' | | | |Karl-Heinz Rummenigge   102' |Klaus Fischer   108' | Manfred Kaltz 
						,26'  Michel Platini  (penalty)92'  Marius Tresor98'  Alain Giresse,http://thesoccerworldcups.com/games/1982_west_germany_france.php
Soviet Union,Uruguay,2,1,|Aleksei Mamykin   38' | |Valentin Ivanov   89' ,54'  Jose Sasia,http://thesoccerworldcups.com/games/1962_soviet_union_uruguay.php
Brazil,Czechoslovakia,1,1,| Leonidas   30' | ,65'  Oldrich Nejedly  (penalty),http://thesoccerworldcups.com/games/1938_brazil_czechoslovakia.php
,,,,,,http://thesoccerworldcups.com/games/2006_brazil_croatia.php
Yugoslavia,Czechoslovakia,1,3,| |Drazen Jerkovic   69' | | ,48'  Josef Kadraba80'  Adolf Scherer84'  Adolf Scherer  (penalty),http://thesoccerworldcups.com/games/1962_yugoslavia_czechoslovakia.php
Argentina,Mexico,3,1,|Carlos Tevez   26' |Gonzalo Higuain   33' |Carlos Tevez   52' | ,71'  Javier Hernandez,http://thesoccerworldcups.com/games/2010_argentina_mexico.php
England,Mexico,2,0,|Bobby Charlton   37' |Roger Hunt   75' ,,http://thesoccerworldcups.com/games/1966_england_mexico.php
Poland,Italy,0,2,| | ,22'  Paolo Rossi73'  Paolo Rossi,http://thesoccerworldcups.com/games/1982_poland_italy.php
Germany,Spain,0,1,| ,73'  Carles Puyol,http://thesoccerworldcups.com/games/2010_germany_spain.php
Ivory Coast,Portugal,0,0,,,http://thesoccerworldcups.com/games/2010_ivory_coast_portugal.php
Argentina,Mexico,6,3,|Guillermo Stabile   8' |Adolfo Zumelzu   12' |Guillermo Stabile   17' | |Francisco Varallo   53' |Adolfo Zumelzu   55' | | |Guillermo Stabile   80' ,42'  Manuel Rosas  (penalty)65'  Manuel Rosas75'  Roberto Gayon,http://thesoccerworldcups.com/games/1930_argentina_mexico.php
Cameroon,Soviet Union,0,4,| | | | ,20'  Oleg Protasov29'  Andrei Zygmantovich52'  Aleksandr Zavarov63'  Igor Dobrovolskyi,http://thesoccerworldcups.com/games/1990_cameroon_soviet_union.php
Portugal,Bulgaria,3,0,|Ivan Vutsov   (own goal) 17' | Eusebio   38' |Jose Torres   81' ,,http://thesoccerworldcups.com/games/1966_portugal_bulgaria.php
Germany,Portugal,3,1,|Bastian Schweinsteiger   56' | Petit   (own goal) 60' |Bastian Schweinsteiger   78' | ,88'   Nuno Gomes,http://thesoccerworldcups.com/games/2006_germany_portugal.php
Uruguay,Bolivia,8,0,|Oscar Miguez   14' |Ernesto Vidal   18' |Juan Schiaffino   23' |Oscar Miguez   40' |Oscar Miguez   51' |Juan Schiaffino   54' |Julio Perez   83' |Alcides Ghiggia   87' ,,http://thesoccerworldcups.com/games/1950_uruguay_bolivia.php
Sweden,Brazil,2,5,|Nils Liedholm   4' | | | | |Agne Simonsson   80' | ,9'   Vava32'   Vava55'   Pelé68'   Zagallo90'   Pelé,http://thesoccerworldcups.com/games/1958_sweden_brazil.php
Brazil,Argentina,0,1,| ,80'  Claudio Caniggia,http://thesoccerworldcups.com/games/1990_brazil_argentina.php
England,Tunisia,2,0,|Alan Shearer   42' |Paul Scholes   89' ,,http://thesoccerworldcups.com/games/1998_england_tunisia.php
Italy,Brazil,3,2,|Paolo Rossi   5' | |Paolo Rossi   25' | |Paolo Rossi   74' ,12'   Socrates68'   Falcao,http://thesoccerworldcups.com/games/1982_italy_brazil.php
Yugoslavia,West Germany,0,2,| | ,39'  Paul Breitner82'  Gerd Mueller,http://thesoccerworldcups.com/games/1974_yugoslavia_west_germany.php
Germany,South Korea,1,0,|Michael Ballack   75' ,,http://thesoccerworldcups.com/games/2002_germany_south_korea.php
,,,,,,http://thesoccerworldcups.com/games/1966_portugal_hungary.php
Portugal,Morocco,1,3,| | | | Diamantino   79' ,19'  Abdelrazzak Khairi27'  Abdelrazzak Khairi62'  Abdelkarim Krimau,http://thesoccerworldcups.com/games/1986_portugal_morocco.php
USA,Belgium,3,0,|Bart Mcghee   23' |Tom Florie   45' |Bert Patenaude   69' ,,http://thesoccerworldcups.com/games/1930_usa_belgium.php
Germany,Costa Rica,4,2,|Philipp Lahm   6' | |Miroslav Klose   17' |Miroslav Klose   61' | |Torsten Frings   87' ,12'  Paulo Wanchope73'  Paulo Wanchope,http://thesoccerworldcups.com/games/2006_germany_costa_rica.php
Soviet Union,Colombia,4,4,|Valentin Ivanov   8' |Igor Chislenko   10' |Valentin Ivanov   11' | |Viktor Ponedelnik   56' | | | ,21'  German Aceros68'  Marcos Coll72'  Antonio Rada76'  Marino Klinger,http://thesoccerworldcups.com/games/1962_soviet_union_colombia.php
,,,,,,http://thesoccerworldcups.com/games/1938_italy_hungary.php
Ivory Coast,Serbia and Montenegro,3,2,| | |Aruna Dindane  (penalty)  37' |Aruna Dindane   67' |Bonaventure Kalou  (penalty)  86' ,10'  Nikola Zigic20'  Sasa Ilic,http://thesoccerworldcups.com/games/2006_ivory_coast_serbia_and_montenegro.php
Argentina,Nigeria,1,0,|Gabriel Batistuta   63' ,,http://thesoccerworldcups.com/games/2002_argentina_nigeria.php
,,,,,,http://thesoccerworldcups.com/games/2010_switzerland_honduras.php
France,Scotland,2,1,|Raymond Kopa   22' |Just Fontaine   44' | ,66'  Sammy Baird,http://thesoccerworldcups.com/games/1958_france_scotland.php
Brazil,Belgium,2,0,| Rivaldo   67' | Ronaldo   87' ,,http://thesoccerworldcups.com/games/2002_brazil_belgium.php
West Germany,Czechoslovakia,1,0,|Lothar Matthaeus  (penalty)  25' ,,http://thesoccerworldcups.com/games/1990_west_germany_czechoslovakia.php
Argentina,England,2,2,|Gabriel Batistuta  (penalty)  6' | | |Javier Zanetti   45'+1' | Sergio Berti 
						,10'  Alan Shearer  (penalty)16'  Michael Owen,http://thesoccerworldcups.com/games/1998_argentina_england.php
